file_name,disaster_type,numbers_in_context,context_clean
situation_20230320_0600_8003601d.pdf,Landslide,52,"uNjr nra.gp DS Division පවුේ ස්ත්‍ංඛ්‍යාව FLk;gq;fs; Families පුද්ගලයින් egHfs; People පූර්ණ හානි KOik Fully අර්ධ හානි gFjpasT Partially කුඩා හා මධය පරිමාණ වයාපාරික ස්ත්‍රථාන சிறிய, நடுத்தர, நிறுவனங்களின் சேதங்கள்; Small, Medium, Enterprises Damages ඉතා වැදගත් යටිතල පහසුකම් වලට වූ හානි mbg;gilf; fl;likg;Gf;fs; Damages to critical Infrastructure ආරක්ිත ස්ත්‍රථාන ස්ත්‍ංඛ්‍යාව vz;zpf;i f No. of Safety Locations පවුේ ස්ත්‍ංඛ්‍යාව FLk;gq;f s; Families පුද්ගලයින් egHfs; Persons ඌව Cth khfhzk; Uva බදුල්ල gJs;is Badulla Haldummulla Landslide 2023.03.19 62 220 Nill 5 Nill 3 20 Nill Nill 1 62 220 safety center at Punagala primary school no 03 62 220 0 5 0 3 20 0 0 1 62 220 62 220 0 5 0 3 20 0 0 1 62 220 62 220 0 5 0 3 20 0 0 1 62 220 ආපදා කළමනාකරණ මධ්‍යස්ථානය /mdHj;j Kfhikj;Jt epiyak;/ Disaster Management Centre හදිසි ඇමතුම් / njhiyNgrp / Hot Lines: 117, 0112670002, 0112136136 ෆැක්ස්/ njhiy efy; / Fax: 0112670079 විදුත් තැපැල් / kpd;dQ;ry; / Email: eocdmc@gmail.com වවබ් අඩවිය / ,izak; / Web: www.dmc.gov.lk ………………………………………………………. For Director General ලවනත් හානි ப"
situation_20230320_1800_b8a08ef2.pdf,Flood,125,"්ත්‍ංඛ්‍යාව FLk;gq;fs; Families පුද්ගලයින් egHfs; People පූර්ණ හානි KOik Fully අර්ධ හානි gFjpasT Partially කුඩා හා මධය පරිමාණ වයාපාරික ස්ත්‍රථාන சிறிய, நடுத்தர, நிறுவனங்களின் சேதங்கள்; Small, Medium, Enterprises Damages ඉතා වැදගත් යටිතල පහසුකම් වලට වූ හානි mbg;gilf; fl;likg;Gf;fs; Damages to critical Infrastructure ආරක්ිත ස්ත්‍රථාන ස්ත්‍ංඛ්‍යාව vz;zpf;i f No. of Safety Locations පවුේ ස්ත්‍ංඛ්‍යාව FLk;gq;f s; Families පුද්ගලයින් egHfs; Persons Haldummulla Landslide 2023.03.19 70 240 6 3 37 1 70 240 safety center at Mahakanda Tea Factory Bandarawela Flash Flood 2023.03.18 34 131 9 Lunugala Cutting Failure 2023.03.16 1 4 1 Ella Heavy Rain 2023.03.15 1 4 1 Ridimaliyadda Heavy Rain 2023.03.14 1 3 1 107 382 0 6 0 3 49 0 0 1 70 240 107 382 0 6 0 3 49 0 0 1 70 240 Balangoda High Wind 2023.03.17 1 3 1 Rathnapura High Wind/Lightning 2023.03.19 4 10 4 Kuruvita High Wind 2023.03.19 2 5 2 Pelmadulla Cutting Failure 2023.03.20 3 10 3 10 28 0 0 0 0 10 0 0 0 0 0 Rambukkana Tree Fallen 2023.03.18 10 30 7 Bulathkohupitiya Lightning 2023.03.19 1 4 1 3 Yatiyanthota Wind 2023.03.18 1 4 1 Mawanella Tree Fallen 2023.03.18/19 11 51 11 Dehiovita Tree Fallen 2023.03.18 10"
situation_20230320_1800_b8a08ef2.pdf,Landslide,108,"දිස්ත්‍රික්කය மாவட்டம் District ප්‍රා.ලේ. ලකා gpuNjr nra.gp DS Division පවුේ ස්ත්‍ංඛ්‍යාව FLk;gq;fs; Families පුද්ගලයින් egHfs; People පූර්ණ හානි KOik Fully අර්ධ හානි gFjpasT Partially කුඩා හා මධය පරිමාණ වයාපාරික ස්ත්‍රථාන சிறிய, நடுத்தர, நிறுவனங்களின் சேதங்கள்; Small, Medium, Enterprises Damages ඉතා වැදගත් යටිතල පහසුකම් වලට වූ හානි mbg;gilf; fl;likg;Gf;fs; Damages to critical Infrastructure ආරක්ිත ස්ත්‍රථාන ස්ත්‍ංඛ්‍යාව vz;zpf;i f No. of Safety Locations පවුේ ස්ත්‍ංඛ්‍යාව FLk;gq;f s; Families පුද්ගලයින් egHfs; Persons Haldummulla Landslide 2023.03.19 70 240 6 3 37 1 70 240 safety center at Mahakanda Tea Factory Bandarawela Flash Flood 2023.03.18 34 131 9 Lunugala Cutting Failure 2023.03.16 1 4 1 Ella Heavy Rain 2023.03.15 1 4 1 Ridimaliyadda Heavy Rain 2023.03.14 1 3 1 107 382 0 6 0 3 49 0 0 1 70 240 107 382 0 6 0 3 49 0 0 1 70 240 Balangoda High Wind 2023.03.17 1 3 1 Rathnapura High Wind/Lightning 2023.03.19 4 10 4 Kuruvita High Wind 2023.03.19 2 5 2 Pelmadulla Cutting Failure 2023.03.20 3 10 3 10 28 0 0 0 0 10 0 0 0 0 0 Rambukkana Tree Fallen 2023.03.18 10 30 7 Bulathkohupitiya Lightning 2023.03.19 1 4 1 3 Yatiyanthota Wind"
situation_20230321_0600_6db3ffbf.pdf,Flood,125,"්ත්‍ංඛ්‍යාව FLk;gq;fs; Families පුද්ගලයින් egHfs; People පූර්ණ හානි KOik Fully අර්ධ හානි gFjpasT Partially කුඩා හා මධය පරිමාණ වයාපාරික ස්ත්‍රථාන சிறிய, நடுத்தர, நிறுவனங்களின் சேதங்கள்; Small, Medium, Enterprises Damages ඉතා වැදගත් යටිතල පහසුකම් වලට වූ හානි mbg;gilf; fl;likg;Gf;fs; Damages to critical Infrastructure ආරක්ිත ස්ත්‍රථාන ස්ත්‍ංඛ්‍යාව vz;zpf;i f No. of Safety Locations පවුේ ස්ත්‍ංඛ්‍යාව FLk;gq;f s; Families පුද්ගලයින් egHfs; Persons Haldummulla Landslide 2023.03.19 70 240 6 3 37 1 70 240 safety center at Mahakanda Tea Factory Bandarawela Flash Flood 2023.03.18 34 131 9 Lunugala Cutting Failure 2023.03.16 1 4 1 Ella Heavy Rain 2023.03.15 1 4 1 Ridimaliyadda Heavy Rain 2023.03.14 1 3 1 107 382 0 6 0 3 49 0 0 1 70 240 107 382 0 6 0 3 49 0 0 1 70 240 Balangoda High Wind 2023.03.17 1 3 1 Rathnapura High Wind/Lightning 2023.03.19 4 10 4 Kuruvita High Wind 2023.03.19 2 5 2 Pelmadulla Cutting Failure 2023.03.20 3 10 3 10 28 0 0 0 0 10 0 0 0 0 0 Rambukkana Tree Fallen 2023.03.18 10 30 7 Bulathkohupitiya Lightning 2023.03.19 1 4 1 3 Yatiyanthota Wind 2023.03.18 1 4 1 Mawanella Tree Fallen 2023.03.18/19 11 51 11 Dehiovita Tree Fallen 2023.03.18 10"
situation_20230321_0600_6db3ffbf.pdf,Landslide,108,"දිස්ත්‍රික්කය மாவட்டம் District ප්‍රා.ලේ. ලකා gpuNjr nra.gp DS Division පවුේ ස්ත්‍ංඛ්‍යාව FLk;gq;fs; Families පුද්ගලයින් egHfs; People පූර්ණ හානි KOik Fully අර්ධ හානි gFjpasT Partially කුඩා හා මධය පරිමාණ වයාපාරික ස්ත්‍රථාන சிறிய, நடுத்தர, நிறுவனங்களின் சேதங்கள்; Small, Medium, Enterprises Damages ඉතා වැදගත් යටිතල පහසුකම් වලට වූ හානි mbg;gilf; fl;likg;Gf;fs; Damages to critical Infrastructure ආරක්ිත ස්ත්‍රථාන ස්ත්‍ංඛ්‍යාව vz;zpf;i f No. of Safety Locations පවුේ ස්ත්‍ංඛ්‍යාව FLk;gq;f s; Families පුද්ගලයින් egHfs; Persons Haldummulla Landslide 2023.03.19 70 240 6 3 37 1 70 240 safety center at Mahakanda Tea Factory Bandarawela Flash Flood 2023.03.18 34 131 9 Lunugala Cutting Failure 2023.03.16 1 4 1 Ella Heavy Rain 2023.03.15 1 4 1 Ridimaliyadda Heavy Rain 2023.03.14 1 3 1 107 382 0 6 0 3 49 0 0 1 70 240 107 382 0 6 0 3 49 0 0 1 70 240 Balangoda High Wind 2023.03.17 1 3 1 Rathnapura High Wind/Lightning 2023.03.19 4 10 4 Kuruvita High Wind 2023.03.19 2 5 2 Pelmadulla Cutting Failure 2023.03.20 3 10 3 10 28 0 0 0 0 10 0 0 0 0 0 Rambukkana Tree Fallen 2023.03.18 10 30 7 Bulathkohupitiya Lightning 2023.03.19 1 4 1 3 Yatiyanthota Wind"
situation_20230321_1800_1847176f.pdf,Flood,126,"්ත්‍ංඛ්‍යාව FLk;gq;fs; Families පුද්ගලයින් egHfs; People පූර්ණ හානි KOik Fully අර්ධ හානි gFjpasT Partially කුඩා හා මධය පරිමාණ වයාපාරික ස්ත්‍රථාන சிறிய, நடுத்தர, நிறுவனங்களின் சேதங்கள்; Small, Medium, Enterprises Damages ඉතා වැදගත් යටිතල පහසුකම් වලට වූ හානි mbg;gilf; fl;likg;Gf;fs; Damages to critical Infrastructure ආරක්ිත ස්ත්‍රථාන ස්ත්‍ංඛ්‍යාව vz;zpf;i f No. of Safety Locations පවුේ ස්ත්‍ංඛ්‍යාව FLk;gq;f s; Families පුද්ගලයින් egHfs; Persons Haldummulla Landslide 2023.03.19 70 240 6 3 37 1 70 240 safety center at Mahakanda Tea Factory Bandarawela Flash Flood 2023.03.18 34 131 9 Lunugala Cutting Failure 2023.03.16 1 4 1 Ella Heavy Rain 2023.03.15 1 4 1 Ridimaliyadda Heavy Rain 2023.03.14 1 3 1 107 382 0 6 0 3 49 0 0 1 70 240 107 382 0 6 0 3 49 0 0 1 70 240 Balangoda High Wind 2023.03.17 1 3 1 Rathnapura High Wind/Lightning 2023.03.19 4 10 4 Kuruvita High Wind 2023.03.19 2 5 2 Kahawatta High Wind 2023.03.20 2 10 2 Pelmadulla Cutting Failure 2023.03.20 3 10 3 12 38 0 0 0 0 12 0 0 0 0 0 Rambukkana Tree Fallen 2023.03.18 10 30 7 Bulathkohupitiya Lightning 2023.03.19 1 4 1 Yatiyanthota Wind 2023.03.18 1 4 1 Mawanella Tree Fallen 2023.03.18/19 11 51 11"
situation_20230321_1800_1847176f.pdf,Landslide,107,"දිස්ත්‍රික්කය மாவட்டம் District ප්‍රා.ලේ. ලකා gpuNjr nra.gp DS Division පවුේ ස්ත්‍ංඛ්‍යාව FLk;gq;fs; Families පුද්ගලයින් egHfs; People පූර්ණ හානි KOik Fully අර්ධ හානි gFjpasT Partially කුඩා හා මධය පරිමාණ වයාපාරික ස්ත්‍රථාන சிறிய, நடுத்தர, நிறுவனங்களின் சேதங்கள்; Small, Medium, Enterprises Damages ඉතා වැදගත් යටිතල පහසුකම් වලට වූ හානි mbg;gilf; fl;likg;Gf;fs; Damages to critical Infrastructure ආරක්ිත ස්ත්‍රථාන ස්ත්‍ංඛ්‍යාව vz;zpf;i f No. of Safety Locations පවුේ ස්ත්‍ංඛ්‍යාව FLk;gq;f s; Families පුද්ගලයින් egHfs; Persons Haldummulla Landslide 2023.03.19 70 240 6 3 37 1 70 240 safety center at Mahakanda Tea Factory Bandarawela Flash Flood 2023.03.18 34 131 9 Lunugala Cutting Failure 2023.03.16 1 4 1 Ella Heavy Rain 2023.03.15 1 4 1 Ridimaliyadda Heavy Rain 2023.03.14 1 3 1 107 382 0 6 0 3 49 0 0 1 70 240 107 382 0 6 0 3 49 0 0 1 70 240 Balangoda High Wind 2023.03.17 1 3 1 Rathnapura High Wind/Lightning 2023.03.19 4 10 4 Kuruvita High Wind 2023.03.19 2 5 2 Kahawatta High Wind 2023.03.20 2 10 2 Pelmadulla Cutting Failure 2023.03.20 3 10 3 12 38 0 0 0 0 12 0 0 0 0 0 Rambukkana Tree Fallen 2023.03.18 10 30 7 Bulathkohupitiya Lightning"
situation_20230322_0600_43a140e7.pdf,Flood,126,"්ත්‍ංඛ්‍යාව FLk;gq;fs; Families පුද්ගලයින් egHfs; People පූර්ණ හානි KOik Fully අර්ධ හානි gFjpasT Partially කුඩා හා මධය පරිමාණ වයාපාරික ස්ත්‍රථාන சிறிய, நடுத்தர, நிறுவனங்களின் சேதங்கள்; Small, Medium, Enterprises Damages ඉතා වැදගත් යටිතල පහසුකම් වලට වූ හානි mbg;gilf; fl;likg;Gf;fs; Damages to critical Infrastructure ආරක්ිත ස්ත්‍රථාන ස්ත්‍ංඛ්‍යාව vz;zpf;i f No. of Safety Locations පවුේ ස්ත්‍ංඛ්‍යාව FLk;gq;f s; Families පුද්ගලයින් egHfs; Persons Haldummulla Landslide 2023.03.19 70 240 6 3 37 1 70 240 safety center at Mahakanda Tea Factory Bandarawela Flash Flood 2023.03.18 34 131 9 Lunugala Cutting Failure 2023.03.16 1 4 1 Ella Heavy Rain 2023.03.15 1 4 1 Ridimaliyadda Heavy Rain 2023.03.14 1 3 1 107 382 0 6 0 3 49 0 0 1 70 240 107 382 0 6 0 3 49 0 0 1 70 240 Balangoda High Wind 2023.03.17 1 3 1 Rathnapura High Wind/Lightning 2023.03.19 4 10 4 Kuruvita High Wind 2023.03.19 2 5 2 Kahawatta High Wind 2023.03.20 2 10 2 Pelmadulla Cutting Failure 2023.03.20 3 10 3 12 38 0 0 0 0 12 0 0 0 0 0 Rambukkana Tree Fallen 2023.03.18 10 30 7 Bulathkohupitiya Lightning 2023.03.19 1 4 1 Yatiyanthota Wind 2023.03.18 1 4 1 Mawanella Tree Fallen 2023.03.18/19 11 51 11"
situation_20230322_0600_43a140e7.pdf,Landslide,107,"දිස්ත්‍රික්කය மாவட்டம் District ප්‍රා.ලේ. ලකා gpuNjr nra.gp DS Division පවුේ ස්ත්‍ංඛ්‍යාව FLk;gq;fs; Families පුද්ගලයින් egHfs; People පූර්ණ හානි KOik Fully අර්ධ හානි gFjpasT Partially කුඩා හා මධය පරිමාණ වයාපාරික ස්ත්‍රථාන சிறிய, நடுத்தர, நிறுவனங்களின் சேதங்கள்; Small, Medium, Enterprises Damages ඉතා වැදගත් යටිතල පහසුකම් වලට වූ හානි mbg;gilf; fl;likg;Gf;fs; Damages to critical Infrastructure ආරක්ිත ස්ත්‍රථාන ස්ත්‍ංඛ්‍යාව vz;zpf;i f No. of Safety Locations පවුේ ස්ත්‍ංඛ්‍යාව FLk;gq;f s; Families පුද්ගලයින් egHfs; Persons Haldummulla Landslide 2023.03.19 70 240 6 3 37 1 70 240 safety center at Mahakanda Tea Factory Bandarawela Flash Flood 2023.03.18 34 131 9 Lunugala Cutting Failure 2023.03.16 1 4 1 Ella Heavy Rain 2023.03.15 1 4 1 Ridimaliyadda Heavy Rain 2023.03.14 1 3 1 107 382 0 6 0 3 49 0 0 1 70 240 107 382 0 6 0 3 49 0 0 1 70 240 Balangoda High Wind 2023.03.17 1 3 1 Rathnapura High Wind/Lightning 2023.03.19 4 10 4 Kuruvita High Wind 2023.03.19 2 5 2 Kahawatta High Wind 2023.03.20 2 10 2 Pelmadulla Cutting Failure 2023.03.20 3 10 3 12 38 0 0 0 0 12 0 0 0 0 0 Rambukkana Tree Fallen 2023.03.18 10 30 7 Bulathkohupitiya Lightning"
situation_20230323_1800_8b44bce0.pdf,Landslide,140,"ct ප්‍රා.ලේ. ලකා gpuNjr nra.gp DS Division පවුේ ස්ත්‍ංඛ්‍යාව FLk;gq;fs; Families පුද්ගලයින් egHfs; People පූර්ණ හානි KOik Fully අර්ධ හානි gFjpasT Partially කුඩා හා මධය පරිමාණ වයාපාරික ස්ත්‍රථාන சிறிய, நடுத்தர, நிறுவனங்களின் சேதங்கள்; Small, Medium, Enterprises Damages ඉතා වැදගත් යටිතල පහසුකම් වලට වූ හානි mbg;gilf; fl;likg;Gf;fs; Damages to critical Infrastructure ආරක්ිත ස්ත්‍රථාන ස්ත්‍ංඛ්‍යාව vz;zpf;i f No. of Safety Locations පවුේ ස්ත්‍ංඛ්‍යාව FLk;gq;f s; Families පුද්ගලයින් egHfs; Persons 1 බදුල්ල gJs;is Badulla Haldummulla Landslide 2023.03.19 70 240 6 3 37 1 70 240 safety center at Mahakanda Tea Factory 70 240 0 6 0 3 37 0 0 1 70 240 70 240 0 6 0 3 37 0 0 1 70 240 Godakawala 2023.03.21 1 1 1 kalawana 2023.03.21 1 4 1 Kolonna 2023.03.22 3 10 3 Opanaayaka 2023.03.20 1 4 1 6 19 0 0 0 0 6 0 0 0 0 0 Dehiowita Lightning 2023.03.21 1 5 1 Bulathkohupitiya Fire 2023.03.22 1 5 1 Deraniyagala Fire 2023.03.22 1 4 1 3 14 0 0 0 1 2 0 0 0 0 0 9 33 0 0 0 1 8 0 0 0 0 0 Kebithigollawa 2023.03.21 15 56 1 3 Kahatagasdigiliya 2023.03.22 5 23 3 2 Nochchiyagama Lightning 2023.03.22 1 4 1 Palugaswewa Lightning 2023.03.22 2 9 2 Galnewa High Wi"
situation_20230324_0600_db62cf18.pdf,Landslide,140,"ct ප්‍රා.ලේ. ලකා gpuNjr nra.gp DS Division පවුේ ස්ත්‍ංඛ්‍යාව FLk;gq;fs; Families පුද්ගලයින් egHfs; People පූර්ණ හානි KOik Fully අර්ධ හානි gFjpasT Partially කුඩා හා මධය පරිමාණ වයාපාරික ස්ත්‍රථාන சிறிய, நடுத்தர, நிறுவனங்களின் சேதங்கள்; Small, Medium, Enterprises Damages ඉතා වැදගත් යටිතල පහසුකම් වලට වූ හානි mbg;gilf; fl;likg;Gf;fs; Damages to critical Infrastructure ආරක්ිත ස්ත්‍රථාන ස්ත්‍ංඛ්‍යාව vz;zpf;i f No. of Safety Locations පවුේ ස්ත්‍ංඛ්‍යාව FLk;gq;f s; Families පුද්ගලයින් egHfs; Persons 1 බදුල්ල gJs;is Badulla Haldummulla Landslide 2023.03.19 70 240 6 3 37 1 70 240 Safety center at Mahakanda Tea Factory 70 240 0 6 0 3 37 0 0 1 70 240 70 240 0 6 0 3 37 0 0 1 70 240 Godakawala 2023.03.21 1 1 1 kalawana 2023.03.21 1 4 1 Kolonna 2023.03.22 3 10 3 Opanaayaka 2023.03.20 1 4 1 6 19 0 0 0 0 6 0 0 0 0 0 Dehiowita Lightning 2023.03.21 1 5 1 Bulathkohupitiya Fire 2023.03.22 1 5 1 Deraniyagala Fire 2023.03.22 1 4 1 3 14 0 0 0 1 2 0 0 0 0 0 9 33 0 0 0 1 8 0 0 0 0 0 Kebithigollewa 2023.03.21 15 56 1 3 Kahatagasdigiliya 2023.03.22 5 23 3 2 Nochchiyagama Lightning 2023.03.22 1 4 1 Palugaswewa Lightning 2023.03.22 2 9 2 Galnewa High Wi"
situation_20230324_1800_67dca0a8.pdf,Landslide,100,"දිස්ත්‍රික්කය மாவட்டம் District ප්‍රා.ලේ. ලකා gpuNjr nra.gp DS Division පවුේ ස්ත්‍ංඛ්‍යාව FLk;gq;fs; Families පුද්ගලයින් egHfs; People පූර්ණ හානි KOik Fully අර්ධ හානි gFjpasT Partially කුඩා හා මධය පරිමාණ වයාපාරික ස්ත්‍රථාන சிறிய, நடுத்தர, நிறுவனங்களின் சேதங்கள்; Small, Medium, Enterprises Damages ඉතා වැදගත් යටිතල පහසුකම් වලට වූ හානි mbg;gilf; fl;likg;Gf;fs; Damages to critical Infrastructure ආරක්ිත ස්ත්‍රථාන ස්ත්‍ංඛ්‍යාව vz;zpf;i f No. of Safety Locations පවුේ ස්ත්‍ංඛ්‍යාව FLk;gq;f s; Families පුද්ගලයින් egHfs; Persons Haldummulla Landslide 2023.03.19 71 242 6 3 37 1 71 242 Safety center at Mahakanda Tea Factory Bandarawela Heavy Rain 2023.03.18 35 136 35 Kandekatiya Cutting failiture 2023.03.21 2 7 1 Welimada Heavy Rain 2023.03.21 1 4 1 Lunugala Heavy Rain 2023.03.22 9 26 9 Meegahakiula Heavy Rain & Wind 2023.03.23 2 7 2 Uvaparanagama Heavy Rain & Wind 2023.03.23 2 10 2 Badulla Heavy rain 2023.03.23 2 9 2 Haliela Drowning 2023.03.23 1 4 2 125 445 2 6 0 3 89 0 0 1 71 242 125 445 2 6 0 3 89 0 0 1 71 242 Heavy rain 2023.03.23 2 7 2 Lightning 2023.03.23 1 Opanayake Heavy rain and Wind 2023.03.24 1 4 1 Elapatha Lightning/Wind 2023."
situation_20230325_0600_f64cc32c.pdf,Landslide,100,"දිස්ත්‍රික්කය மாவட்டம் District ප්‍රා.ලේ. ලකා gpuNjr nra.gp DS Division පවුේ ස්ත්‍ංඛ්‍යාව FLk;gq;fs; Families පුද්ගලයින් egHfs; People පූර්ණ හානි KOik Fully අර්ධ හානි gFjpasT Partially කුඩා හා මධය පරිමාණ වයාපාරික ස්ත්‍රථාන சிறிய, நடுத்தர, நிறுவனங்களின் சேதங்கள்; Small, Medium, Enterprises Damages ඉතා වැදගත් යටිතල පහසුකම් වලට වූ හානි mbg;gilf; fl;likg;Gf;fs; Damages to critical Infrastructure ආරක්ිත ස්ත්‍රථාන ස්ත්‍ංඛ්‍යාව vz;zpf;i f No. of Safety Locations පවුේ ස්ත්‍ංඛ්‍යාව FLk;gq;f s; Families පුද්ගලයින් egHfs; Persons Haldummulla Landslide 2023.03.19 71 242 6 3 37 1 71 242 Safety center at Mahakanda Tea Factory Bandarawela Heavy Rain 2023.03.18 35 136 35 Kandekatiya Cutting failiture 2023.03.21 2 7 1 Welimada Heavy Rain 2023.03.21 1 4 1 Lunugala Heavy Rain 2023.03.22 9 26 9 Meegahakiula Heavy Rain & Wind 2023.03.23 2 7 2 Uvaparanagama Heavy Rain & Wind 2023.03.23 2 10 2 Badulla Heavy rain 2023.03.23 2 9 2 Haliela Drowning 2023.03.23 1 4 2 125 445 2 6 0 3 89 0 0 1 71 242 125 445 2 6 0 3 89 0 0 1 71 242 Heavy rain 2023.03.23 2 7 2 Lightning 2023.03.23 1 Opanayake Heavy rain and Wind 2023.03.24 1 4 1 Elapatha Lightning/Wind 2023."
situation_20230325_1800_8da5aab5.pdf,Landslide,100,"දිස්ත්‍රික්කය மாவட்டம் District ප්‍රා.ලේ. ලකා gpuNjr nra.gp DS Division පවුේ ස්ත්‍ංඛ්‍යාව FLk;gq;fs; Families පුද්ගලයින් egHfs; People පූර්ණ හානි KOik Fully අර්ධ හානි gFjpasT Partially කුඩා හා මධය පරිමාණ වයාපාරික ස්ත්‍රථාන சிறிய, நடுத்தர, நிறுவனங்களின் சேதங்கள்; Small, Medium, Enterprises Damages ඉතා වැදගත් යටිතල පහසුකම් වලට වූ හානි mbg;gilf; fl;likg;Gf;fs; Damages to critical Infrastructure ආරක්ිත ස්ත්‍රථාන ස්ත්‍ංඛ්‍යාව vz;zpf;i f No. of Safety Locations පවුේ ස්ත්‍ංඛ්‍යාව FLk;gq;f s; Families පුද්ගලයින් egHfs; Persons Haldummulla Landslide 2023.03.19 71 242 6 3 37 1 71 242 Safety center at Mahakanda Tea Factory Bandarawela Heavy Rain 2023.03.18 35 136 35 Kandekatiya Cutting failiture 2023.03.21 2 7 1 Welimada Heavy Rain 2023.03.21 1 4 1 Lunugala Heavy Rain 2023.03.22 9 26 9 Meegahakiula Heavy Rain & Wind 2023.03.23 2 7 2 Uvaparanagama Heavy Rain & Wind 2023.03.23 2 10 2 Badulla Heavy rain 2023.03.23 2 9 2 Haliela Drowning 2023.03.23 1 4 2 125 445 2 6 0 3 89 0 0 1 71 242 125 445 2 6 0 3 89 0 0 1 71 242 Heavy rain 2023.03.23 2 7 2 Lightning 2023.03.23 1 Opanayake Heavy rain and Wind 2023.03.24 1 4 1 Elapatha Lightning/Wind 2023."
situation_20230326_0600_ad2e58a8.pdf,Landslide,100,"දිස්ත්‍රික්කය மாவட்டம் District ප්‍රා.ලේ. ලකා gpuNjr nra.gp DS Division පවුේ ස්ත්‍ංඛ්‍යාව FLk;gq;fs; Families පුද්ගලයින් egHfs; People පූර්ණ හානි KOik Fully අර්ධ හානි gFjpasT Partially කුඩා හා මධය පරිමාණ වයාපාරික ස්ත්‍රථාන சிறிய, நடுத்தர, நிறுவனங்களின் சேதங்கள்; Small, Medium, Enterprises Damages ඉතා වැදගත් යටිතල පහසුකම් වලට වූ හානි mbg;gilf; fl;likg;Gf;fs; Damages to critical Infrastructure ආරක්ිත ස්ත්‍රථාන ස්ත්‍ංඛ්‍යාව vz;zpf;i f No. of Safety Locations පවුේ ස්ත්‍ංඛ්‍යාව FLk;gq;f s; Families පුද්ගලයින් egHfs; Persons Haldummulla Landslide 2023.03.19 71 242 6 3 37 1 71 242 Safety center at Mahakanda Tea Factory Bandarawela Heavy Rain 2023.03.18 35 136 35 Kandekatiya Cutting failiture 2023.03.21 2 7 1 Welimada Heavy Rain 2023.03.21 1 4 1 Lunugala Heavy Rain 2023.03.22 9 26 9 Meegahakiula Heavy Rain & Wind 2023.03.23 2 7 2 Uvaparanagama Heavy Rain & Wind 2023.03.23 2 10 2 Badulla Heavy rain 2023.03.23 2 9 2 Haliela Drowning 2023.03.23 1 4 2 125 445 2 6 0 3 89 0 0 1 71 242 125 445 2 6 0 3 89 0 0 1 71 242 Heavy rain 2023.03.23 2 7 2 Lightning 2023.03.23 1 Opanayake Heavy rain and Wind 2023.03.24 1 4 1 Elapatha Lightning/Wind 2023."
situation_20230327_0600_9293724a.pdf,Landslide,100,"දිස්ත්‍රික්කය மாவட்டம் District ප්‍රා.ලේ. ලකා gpuNjr nra.gp DS Division පවුේ ස්ත්‍ංඛ්‍යාව FLk;gq;fs; Families පුද්ගලයින් egHfs; People පූර්ණ හානි KOik Fully අර්ධ හානි gFjpasT Partially කුඩා හා මධය පරිමාණ වයාපාරික ස්ත්‍රථාන சிறிய, நடுத்தர, நிறுவனங்களின் சேதங்கள்; Small, Medium, Enterprises Damages ඉතා වැදගත් යටිතල පහසුකම් වලට වූ හානි mbg;gilf; fl;likg;Gf;fs; Damages to critical Infrastructure ආරක්ිත ස්ත්‍රථාන ස්ත්‍ංඛ්‍යාව vz;zpf;i f No. of Safety Locations පවුේ ස්ත්‍ංඛ්‍යාව FLk;gq;f s; Families පුද්ගලයින් egHfs; Persons Haldummulla Landslide 2023.03.19 71 242 6 3 37 1 71 242 Safety center at Mahakanda Tea Factory Bandarawela Heavy Rain 2023.03.18 35 136 35 Kandekatiya Cutting failiture 2023.03.21 2 7 1 Welimada Heavy Rain 2023.03.21 1 4 1 Lunugala Heavy Rain 2023.03.22 9 26 9 Meegahakiula Heavy Rain & Wind 2023.03.23 2 7 2 Uvaparanagama Heavy Rain & Wind 2023.03.23 2 10 2 Badulla Heavy rain 2023.03.23 2 9 2 Haliela Drowning 2023.03.23 1 4 2 125 445 2 6 0 3 89 0 0 1 71 242 125 445 2 6 0 3 89 0 0 1 71 242 Heavy rain 2023.03.23 2 7 2 Lightning 2023.03.23 1 Opanayake Heavy rain and Wind 2023.03.24 1 4 1 Elapatha Lightning/Wind 2023."
situation_20230328_0600_014fc8fe.pdf,Landslide,142,"jr nra.gp DS Division පවුේ ස්ත්‍ංඛ්‍යාව FLk;gq;fs; Families පුද්ගලයින් egHfs; People පූර්ණ හානි KOik Fully අර්ධ හානි gFjpasT Partially කුඩා හා මධය පරිමාණ වයාපාරික ස්ත්‍රථාන சிறிய, நடுத்தர, நிறுவனங்களின் சேதங்கள்; Small, Medium, Enterprises Damages ඉතා වැදගත් යටිතල පහසුකම් වලට වූ හානි mbg;gilf; fl;likg;Gf;fs; Damages to critical Infrastructure ආරක්ිත ස්ත්‍රථාන ස්ත්‍ංඛ්‍යාව vz;zpf;i f No. of Safety Locations පවුේ ස්ත්‍ංඛ්‍යාව FLk;gq;f s; Families පුද්ගලයින් egHfs; Persons ඌව Cth khfhzk; Uva 1 බදුල්ල gJs;is Badulla Haldummulla Landslide 2023.03.19 71 242 6 3 37 1 71 242 Safety center at Mahakanda Tea Factory 71 242 0 6 0 3 37 0 0 1 71 242 71 242 0 6 0 3 37 0 0 1 71 242 Elapatha Lightning 2023.03.23 1 4 1 kahawaththa High wind 2023.03.26 1 3 1 2 7 0 0 0 0 2 0 0 0 0 0 Warakapola High Wind 2023.03.23 1 5 1 Dehiovita High Wind 2023.03.25 1 2 1 High Wind 2023.03.24/25 3 12 3 Lightning 2023.03.26 2 9 2 Lightning 2023.03.24 1 2 1 High Wind 2023.03.26 1 5 1 Mawanella High Wind 2023.03.26 1 3 1 Galigamuwa High Wind 2023.03.25 1 4 1 High Wind 2023.03.25 2 10 2 Lightning 2023.03.25 1 3 1 14 55 0 0 0 0 14 0 0 0 0 0 16 62 0 0 0 0 16 0 0"
situation_20230328_1800_8e7d9ad2.pdf,Landslide,138,"ct ප්‍රා.ලේ. ලකා gpuNjr nra.gp DS Division පවුේ ස්ත්‍ංඛ්‍යාව FLk;gq;fs; Families පුද්ගලයින් egHfs; People පූර්ණ හානි KOik Fully අර්ධ හානි gFjpasT Partially කුඩා හා මධය පරිමාණ වයාපාරික ස්ත්‍රථාන சிறிய, நடுத்தர, நிறுவனங்களின் சேதங்கள்; Small, Medium, Enterprises Damages ඉතා වැදගත් යටිතල පහසුකම් වලට වූ හානි mbg;gilf; fl;likg;Gf;fs; Damages to critical Infrastructure ආරක්ිත ස්ත්‍රථාන ස්ත්‍ංඛ්‍යාව vz;zpf;i f No. of Safety Locations පවුේ ස්ත්‍ංඛ්‍යාව FLk;gq;f s; Families පුද්ගලයින් egHfs; Persons 1 බදුල්ල gJs;is Badulla Haldummulla Landslide 2023.03.19 71 242 6 3 37 1 71 242 Safety center at Mahakanda Tea Factory 71 242 0 6 0 3 37 0 0 1 71 242 71 242 0 6 0 3 37 0 0 1 71 242 Mawanella High Wind 2023.03.27 1 3 1 Lightning 2023.03.26 1 4 1 High Wind 2023.03.24 1 4 1 3 11 0 0 0 0 3 0 0 0 0 0 3 11 0 0 0 0 3 0 0 0 0 0 High Wind 2023.03.23 5 13 5 Lightning 2023.03.23 4 13 4 Nuwaragampalath East Lightning 2023.03.24 1 4 1 Lightning 2 7 2 High Wind 4 14 4 16 51 0 0 0 0 16 0 0 0 0 0 16 51 0 0 0 0 16 0 0 0 0 0 90 304 0 6 0 3 56 0 0 1 71 242 ආපදා කළමනාකරණ මධ්‍යස්ථානය /mdHj;j Kfhikj;Jt epiyak;/ Disaster Management Centr"
situation_20230329_0600_d099ff02.pdf,Landslide,138,"ct ප්‍රා.ලේ. ලකා gpuNjr nra.gp DS Division පවුේ ස්ත්‍ංඛ්‍යාව FLk;gq;fs; Families පුද්ගලයින් egHfs; People පූර්ණ හානි KOik Fully අර්ධ හානි gFjpasT Partially කුඩා හා මධය පරිමාණ වයාපාරික ස්ත්‍රථාන சிறிய, நடுத்தர, நிறுவனங்களின் சேதங்கள்; Small, Medium, Enterprises Damages ඉතා වැදගත් යටිතල පහසුකම් වලට වූ හානි mbg;gilf; fl;likg;Gf;fs; Damages to critical Infrastructure ආරක්ිත ස්ත්‍රථාන ස්ත්‍ංඛ්‍යාව vz;zpf;i f No. of Safety Locations පවුේ ස්ත්‍ංඛ්‍යාව FLk;gq;f s; Families පුද්ගලයින් egHfs; Persons 1 බදුල්ල gJs;is Badulla Haldummulla Landslide 2023.03.19 71 242 6 3 37 1 71 242 Safety center at Mahakanda Tea Factory 71 242 0 6 0 3 37 0 0 1 71 242 71 242 0 6 0 3 37 0 0 1 71 242 Mawanella High Wind 2023.03.27 1 3 1 Lightning 2023.03.26 1 4 1 High Wind 2023.03.24 1 4 1 3 11 0 0 0 0 3 0 0 0 0 0 3 11 0 0 0 0 3 0 0 0 0 0 High Wind 2023.03.23 5 13 5 Lightning 2023.03.23 4 13 4 Nuwaragampalath East Lightning 2023.03.24 1 4 1 Lightning 2 7 2 High Wind 4 14 4 16 51 0 0 0 0 16 0 0 0 0 0 16 51 0 0 0 0 16 0 0 0 0 0 90 304 0 6 0 3 56 0 0 1 71 242 ආපදා කළමනාකරණ මධ්‍යස්ථානය /mdHj;j Kfhikj;Jt epiyak;/ Disaster Management Centr"
situation_20230329_1800_813e1e95.pdf,Landslide,122,"ct ප්‍රා.ලේ. ලකා gpuNjr nra.gp DS Division පවුේ ස්ත්‍ංඛ්‍යාව FLk;gq;fs; Families පුද්ගලයින් egHfs; People පූර්ණ හානි KOik Fully අර්ධ හානි gFjpasT Partially කුඩා හා මධය පරිමාණ වයාපාරික ස්ත්‍රථාන சிறிய, நடுத்தர, நிறுவனங்களின் சேதங்கள்; Small, Medium, Enterprises Damages ඉතා වැදගත් යටිතල පහසුකම් වලට වූ හානි mbg;gilf; fl;likg;Gf;fs; Damages to critical Infrastructure ආරක්ිත ස්ත්‍රථාන ස්ත්‍ංඛ්‍යාව vz;zpf;i f No. of Safety Locations පවුේ ස්ත්‍ංඛ්‍යාව FLk;gq;f s; Families පුද්ගලයින් egHfs; Persons 1 බදුල්ල gJs;is Badulla Haldummulla Landslide 2023.03.19 71 242 6 3 37 1 71 242 Safety center at Mahakanda Tea Factory 71 242 0 6 0 3 37 0 0 1 71 242 71 242 0 6 0 3 37 0 0 1 71 242 Mawanella Lightning 2023.03.26 1 3 1 Deraniyagala High Wind 2023.03.28 2 7 1 Bulathkohupitiya High Wind 2023.03.27 2 8 2 Dehiowita High Wind 2023.03.28 18 67 10 Ruwanwella Tree Fallen 2023.03.28 1 5 1 Lightning 2023.03.28 2 6 1 2 High Wind 2023.03.28 2 9 2 28 105 1 0 0 0 19 0 0 0 0 0 Weligepola Lightning 2023.03.27 1 3 1 High Wind 2023.03.28 42 166 42 Lightning 2023.03.28 1 6 1 Ehaliyagoda High Wind 2023.03.28 86 330 83 Kuruwita High Wind 2023.03.28 5 20 5 13"
situation_20230330_1800_1ac1767d.pdf,Landslide,83,"ct ප්‍රා.ලේ. ලකා gpuNjr nra.gp DS Division පවුේ ස්ත්‍ංඛ්‍යාව FLk;gq;fs; Families පුද්ගලයින් egHfs; People පූර්ණ හානි KOik Fully අර්ධ හානි gFjpasT Partially කුඩා හා මධය පරිමාණ වයාපාරික ස්ත්‍රථාන சிறிய, நடுத்தர, நிறுவனங்களின் சேதங்கள்; Small, Medium, Enterprises Damages ඉතා වැදගත් යටිතල පහසුකම් වලට වූ හානි mbg;gilf; fl;likg;Gf;fs; Damages to critical Infrastructure ආරක්ිත ස්ත්‍රථාන ස්ත්‍ංඛ්‍යාව vz;zpf;i f No. of Safety Locations පවුේ ස්ත්‍ංඛ්‍යාව FLk;gq;f s; Families පුද්ගලයින් egHfs; Persons 1 බදුල්ල gJs;is Badulla Haldummulla Landslide 2023.03.19 71 242 6 3 37 1 71 242 Safety center at Mahakanda Tea Factory 71 242 0 6 0 3 37 0 0 1 71 242 71 242 0 6 0 3 37 0 0 1 71 242 2 කෑගල්ල Nffhiy Kegalle Yatiyanthota High Wind 2023.03.29 1 4 1 1 4 0 0 0 0 1 0 0 0 0 0 1 4 0 0 0 0 1 0 0 0 0 0 72 246 0 6 0 3 38 0 0 1 71 242 ආපදා කළමනාකරණ මධ්‍යස්ථානය /mdHj;j Kfhikj;Jt epiyak;/ Disaster Management Centre හදිසි ඇමතුම් / njhiyNgrp / Hot Lines: 117, 0112670002, 0112136136 ෆැක්ස්/ njhiy efy; / Fax: 0112670079 විදුත් තැපැල් / kpd;dQ;ry; / Email: eocdmc@gmail.com වෙබ් අඩවිය / ,izak; /"
situation_20230331_0600_10014e15.pdf,Landslide,140,"ct ප්‍රා.ලේ. ලකා gpuNjr nra.gp DS Division පවුේ ස්ත්‍ංඛ්‍යාව FLk;gq;fs; Families පුද්ගලයින් egHfs; People පූර්ණ හානි KOik Fully අර්ධ හානි gFjpasT Partially කුඩා හා මධය පරිමාණ වයාපාරික ස්ත්‍රථාන சிறிய, நடுத்தர, நிறுவனங்களின் சேதங்கள்; Small, Medium, Enterprises Damages ඉතා වැදගත් යටිතල පහසුකම් වලට වූ හානි mbg;gilf; fl;likg;Gf;fs; Damages to critical Infrastructure ආරක්ිත ස්ත්‍රථාන ස්ත්‍ංඛ්‍යාව vz;zpf;i f No. of Safety Locations පවුේ ස්ත්‍ංඛ්‍යාව FLk;gq;f s; Families පුද්ගලයින් egHfs; Persons 1 බදුල්ල gJs;is Badulla Haldummulla Landslide 2023.03.19 71 242 6 3 37 1 71 242 Safety center at Mahakanda Tea Factory 71 242 0 6 0 3 37 0 0 1 71 242 71 242 0 6 0 3 37 0 0 1 71 242 2 කෑගල්ල Nffhiy Kegalle Yatiyanthota High Wind 2023.03.29 1 4 1 1 4 0 0 0 0 1 0 0 0 0 0 Balangoda High Wind 2023.03.30 7 26 7 Nivithigala High Wind 2023.03.30 2 10 2 Kahawaththa High Wind 2023.03.30 1 4 1 10 40 0 0 0 0 10 0 0 0 0 0 11 44 0 0 0 0 11 0 0 0 0 0 4 මාතර khj;jiw Matara Mulatiyana Lightning 2023.03.30 1 3 1 1 3 0 0 0 0 1 0 0 0 0 0 1 3 0 0 0 0 1 0 0 0 0 0 83 289 0 6 0 3 49 0 0 1 71 242 ආපදා කළමනාකරණ මධ්‍යස්ථානය"
situation_20230331_1800_ce71db6c.pdf,Landslide,138,"ct ප්‍රා.ලේ. ලකා gpuNjr nra.gp DS Division පවුේ ස්ත්‍ංඛ්‍යාව FLk;gq;fs; Families පුද්ගලයින් egHfs; People පූර්ණ හානි KOik Fully අර්ධ හානි gFjpasT Partially කුඩා හා මධය පරිමාණ වයාපාරික ස්ත්‍රථාන சிறிய, நடுத்தர, நிறுவனங்களின் சேதங்கள்; Small, Medium, Enterprises Damages ඉතා වැදගත් යටිතල පහසුකම් වලට වූ හානි mbg;gilf; fl;likg;Gf;fs; Damages to critical Infrastructure ආරක්ිත ස්ත්‍රථාන ස්ත්‍ංඛ්‍යාව vz;zpf;i f No. of Safety Locations පවුේ ස්ත්‍ංඛ්‍යාව FLk;gq;f s; Families පුද්ගලයින් egHfs; Persons 1 බදුල්ල gJs;is Badulla Haldummulla Landslide 2023.03.19 71 242 6 3 37 1 71 242 Safety center at Mahakanda Tea Factory 71 242 0 6 0 3 37 0 0 1 71 242 71 242 0 6 0 3 37 0 0 1 71 242 Yatiyanthota High Wind 2023.03.30 2 7 2 Lightning 2023.03.28 1 4 1 High Wind 2023.03.30 2 9 2 Dehiowita High Wind 2023.03.30 1 2 1 6 22 0 0 0 0 6 0 0 0 0 0 Balangoda High Wind 2023.03.30 11 44 11 Nivithigala High Wind 2023.03.30 3 15 3 Ayagama Lightning 2023.03.30 1 4 1 Kalawana High Wind 2023.03.30 2 12 2 Lightning 2023.03.30 1 3 1 Cutting Failure 2023.03.30 2 6 Kahawaththa High Wind 2023.03.30 2 7 2 22 91 0 0 0 0 20 0 0 0 0 0 28 113 0 0 0 0 26 0 0 0 0 0 4 ම"
situation_20230401_1800_01169914.pdf,Landslide,52,"ct ප්‍රා.ලේ. ලකා gpuNjr nra.gp DS Division පවුේ ස්ත්‍ංඛ්‍යාව FLk;gq;fs; Families පුද්ගලයින් egHfs; People පූර්ණ හානි KOik Fully අර්ධ හානි gFjpasT Partially කුඩා හා මධය පරිමාණ වයාපාරික ස්ත්‍රථාන சிறிய, நடுத்தர, நிறுவனங்களின் சேதங்கள்; Small, Medium, Enterprises Damages ඉතා වැදගත් යටිතල පහසුකම් වලට වූ හානි mbg;gilf; fl;likg;Gf;fs; Damages to critical Infrastructure ආරක්ිත ස්ත්‍රථාන ස්ත්‍ංඛ්‍යාව vz;zpf;i f No. of Safety Locations පවුේ ස්ත්‍ංඛ්‍යාව FLk;gq;f s; Families පුද්ගලයින් egHfs; Persons 1 බදුල්ල gJs;is Badulla Haldummulla Landslide 2023.03.19 71 242 6 3 37 1 71 242 Safety center at Mahakanda Tea Factory 71 242 0 6 0 3 37 0 0 1 71 242 71 242 0 6 0 3 37 0 0 1 71 242 71 242 0 6 0 3 37 0 0 1 71 242 ආපදා කළමනාකරණ මධ්‍යස්ථානය /mdHj;j Kfhikj;Jt epiyak;/ Disaster Management Centre හදිසි ඇමතුම් / njhiyNgrp / Hot Lines: 117, 0112670002, 0112136136 ෆැක්ස්/ njhiy efy; / Fax: 0112670079 විදුත් තැපැල් / kpd;dQ;ry; / Email: eocdmc@gmail.com වෙබ් අඩවිය / ,izak; / Web: www.dmc.gov.lk …............................................ For Director General Deputy Director / Du"
situation_20230402_0600_6eb9346d.pdf,Landslide,52,"ct ප්‍රා.ලේ. ලකා gpuNjr nra.gp DS Division පවුේ ස්ත්‍ංඛ්‍යාව FLk;gq;fs; Families පුද්ගලයින් egHfs; People පූර්ණ හානි KOik Fully අර්ධ හානි gFjpasT Partially කුඩා හා මධය පරිමාණ වයාපාරික ස්ත්‍රථාන சிறிய, நடுத்தர, நிறுவனங்களின் சேதங்கள்; Small, Medium, Enterprises Damages ඉතා වැදගත් යටිතල පහසුකම් වලට වූ හානි mbg;gilf; fl;likg;Gf;fs; Damages to critical Infrastructure ආරක්ිත ස්ත්‍රථාන ස්ත්‍ංඛ්‍යාව vz;zpf;i f No. of Safety Locations පවුේ ස්ත්‍ංඛ්‍යාව FLk;gq;f s; Families පුද්ගලයින් egHfs; Persons 1 බදුල්ල gJs;is Badulla Haldummulla Landslide 2023.03.19 71 242 6 3 37 1 71 242 Safety center at Mahakanda Tea Factory 71 242 0 6 0 3 37 0 0 1 71 242 71 242 0 6 0 3 37 0 0 1 71 242 71 242 0 6 0 3 37 0 0 1 71 242 ආපදා කළමනාකරණ මධ්‍යස්ථානය /mdHj;j Kfhikj;Jt epiyak;/ Disaster Management Centre හදිසි ඇමතුම් / njhiyNgrp / Hot Lines: 117, 0112670002, 0112136136 ෆැක්ස්/ njhiy efy; / Fax: 0112670079 විදුත් තැපැල් / kpd;dQ;ry; / Email: eocdmc@gmail.com වෙබ් අඩවිය / ,izak; / Web: www.dmc.gov.lk …............................................ For Director General දිස්ික් එකතුෙ khtl;l"
situation_20230403_0600_5667f989.pdf,Landslide,52,"ct ප්‍රා.ලේ. ලකා gpuNjr nra.gp DS Division පවුේ ස්ත්‍ංඛ්‍යාව FLk;gq;fs; Families පුද්ගලයින් egHfs; People පූර්ණ හානි KOik Fully අර්ධ හානි gFjpasT Partially කුඩා හා මධය පරිමාණ වයාපාරික ස්ත්‍රථාන சிறிய, நடுத்தர, நிறுவனங்களின் சேதங்கள்; Small, Medium, Enterprises Damages ඉතා වැදගත් යටිතල පහසුකම් වලට වූ හානි mbg;gilf; fl;likg;Gf;fs; Damages to critical Infrastructure ආරක්ිත ස්ත්‍රථාන ස්ත්‍ංඛ්‍යාව vz;zpf;i f No. of Safety Locations පවුේ ස්ත්‍ංඛ්‍යාව FLk;gq;f s; Families පුද්ගලයින් egHfs; Persons 1 බදුල්ල gJs;is Badulla Haldummulla Landslide 2023.03.19 71 242 6 3 37 1 71 242 Safety center at Mahakanda Tea Factory 71 242 0 6 0 3 37 0 0 1 71 242 71 242 0 6 0 3 37 0 0 1 71 242 71 242 0 6 0 3 37 0 0 1 71 242 ආපදා කළමනාකරණ මධ්‍යස්ථානය /mdHj;j Kfhikj;Jt epiyak;/ Disaster Management Centre හදිසි ඇමතුම් / njhiyNgrp / Hot Lines: 117, 0112670002, 0112136136 ෆැක්ස්/ njhiy efy; / Fax: 0112670079 විදුත් තැපැල් / kpd;dQ;ry; / Email: eocdmc@gmail.com වෙබ් අඩවිය / ,izak; / Web: www.dmc.gov.lk …............................................ For Director General දිස්ික් එකතුෙ khtl;l"
situation_20230403_1800_a05a0c30.pdf,Landslide,137,"ct ප්‍රා.ලේ. ලකා gpuNjr nra.gp DS Division පවුේ ස්ත්‍ංඛ්‍යාව FLk;gq;fs; Families පුද්ගලයින් egHfs; People පූර්ණ හානි KOik Fully අර්ධ හානි gFjpasT Partially කුඩා හා මධය පරිමාණ වයාපාරික ස්ත්‍රථාන சிறிய, நடுத்தர, நிறுவனங்களின் சேதங்கள்; Small, Medium, Enterprises Damages ඉතා වැදගත් යටිතල පහසුකම් වලට වූ හානි mbg;gilf; fl;likg;Gf;fs; Damages to critical Infrastructure ආරක්ිත ස්ත්‍රථාන ස්ත්‍ංඛ්‍යාව vz;zpf;i f No. of Safety Locations පවුේ ස්ත්‍ංඛ්‍යාව FLk;gq;f s; Families පුද්ගලයින් egHfs; Persons 1 බදුල්ල gJs;is Badulla Haldummulla Landslide 2023.03.19 71 242 6 3 37 1 71 242 Safety center at Mahakanda Tea Factory 71 242 0 6 0 3 37 0 0 1 71 242 71 242 0 6 0 3 37 0 0 1 71 242 Nivithigala 2023.03.30 / 04.01 20 85 20 2023.03.31 2 7 2 Lightning 2023.04.02 2 8 2 Ayagama High Wind 2023.04.01 1 4 1 Balangoda 2023.04.01 1 6 1 Godakawela 2023.04.02 1 3 1 Lightning 3 13 3 High Wind 3 9 3 Lightning 2 8 2 1 4 1 Pelmadulla 2 6 2 38 153 0 0 0 0 38 0 0 0 0 0 Electric Shock 2023.03.30 1 5 1 1 Tree Falling 2023.03.31/04.01 8 32 8 High Wind 2023.04.01/02 3 11 1 2 Lightning 2023.04.02 2 9 2 Tree Falling 37 121 37 3 Lightning 1 2 1 Tree Falling"
situation_20230404_1800_6b62cad4.pdf,Landslide,145,"ct ප්‍රා.ලේ. ලකා gpuNjr nra.gp DS Division පවුේ ස්ත්‍ංඛ්‍යාව FLk;gq;fs; Families පුද්ගලයින් egHfs; People පූර්ණ හානි KOik Fully අර්ධ හානි gFjpasT Partially කුඩා හා මධය පරිමාණ වයාපාරික ස්ත්‍රථාන சிறிய, நடுத்தர, நிறுவனங்களின் சேதங்கள்; Small, Medium, Enterprises Damages ඉතා වැදගත් යටිතල පහසුකම් වලට වූ හානි mbg;gilf; fl;likg;Gf;fs; Damages to critical Infrastructure ආරක්ිත ස්ත්‍රථාන ස්ත්‍ංඛ්‍යාව vz;zpf;i f No. of Safety Locations පවුේ ස්ත්‍ංඛ්‍යාව FLk;gq;f s; Families පුද්ගලයින් egHfs; Persons 1 බදුල්ල gJs;is Badulla Haldummulla Landslide 2023.03.19 71 242 6 3 37 1 71 242 Safety center at Mahakanda Tea Factory 71 242 0 6 0 3 37 0 0 1 71 242 71 242 0 6 0 3 37 0 0 1 71 242 Nivithigala High Wind 2023.04.01/02 2 7 2 Godakawela Lightning 2023.04.03 1 4 1 3 11 0 0 0 0 3 0 0 0 0 0 Mawanella Tree Falling/Lightning 2023.04.02 3 12 3 Dehiowita Tree Falling 2023.04.03 2 5 2 Warakapola Lightning 2023.04.03 2 9 2 Galigamuwa Tree Falling/Lightning 2023.04.03 9 24 9 16 50 0 0 0 0 16 0 0 0 0 0 19 61 0 0 0 0 19 0 0 0 0 0 Karachchi 5 14 7 7 Kamdawali 87 288 1 78 7 92 302 0 0 0 1 85 0 14 0 0 0 92 302 0 0 0 1 85 0 14 0 0 0 Saliyawewa 2023.04.0"
situation_20230405_0600_ae9d24aa.pdf,Landslide,145,"ct ප්‍රා.ලේ. ලකා gpuNjr nra.gp DS Division පවුේ ස්ත්‍ංඛ්‍යාව FLk;gq;fs; Families පුද්ගලයින් egHfs; People පූර්ණ හානි KOik Fully අර්ධ හානි gFjpasT Partially කුඩා හා මධය පරිමාණ වයාපාරික ස්ත්‍රථාන சிறிய, நடுத்தர, நிறுவனங்களின் சேதங்கள்; Small, Medium, Enterprises Damages ඉතා වැදගත් යටිතල පහසුකම් වලට වූ හානි mbg;gilf; fl;likg;Gf;fs; Damages to critical Infrastructure ආරක්ිත ස්ත්‍රථාන ස්ත්‍ංඛ්‍යාව vz;zpf;i f No. of Safety Locations පවුේ ස්ත්‍ංඛ්‍යාව FLk;gq;f s; Families පුද්ගලයින් egHfs; Persons 1 බදුල්ල gJs;is Badulla Haldummulla Landslide 2023.03.19 71 242 6 3 37 1 71 242 Safety center at Mahakanda Tea Factory 71 242 0 6 0 3 37 0 0 1 71 242 71 242 0 6 0 3 37 0 0 1 71 242 Nivithigala High Wind 2023.04.01/02 2 7 2 Godakawela Lightning 2023.04.03 1 4 1 3 11 0 0 0 0 3 0 0 0 0 0 Mawanella Tree Falling/Lightning 2023.04.02 3 12 3 Dehiowita Tree Falling 2023.04.03 2 5 2 Warakapola Lightning 2023.04.03 2 9 2 Galigamuwa Tree Falling/Lightning 2023.04.03 9 24 9 16 50 0 0 0 0 16 0 0 0 0 0 19 61 0 0 0 0 19 0 0 0 0 0 Karachchi 5 14 7 7 Kamdawali 87 288 1 78 7 92 302 0 0 0 1 85 0 14 0 0 0 92 302 0 0 0 1 85 0 14 0 0 0 Saliyawewa 2023.04.0"
situation_20230405_1800_36a15098.pdf,Landslide,139,"ct ප්‍රා.ලේ. ලකා gpuNjr nra.gp DS Division පවුේ ස්ත්‍ංඛ්‍යාව FLk;gq;fs; Families පුද්ගලයින් egHfs; People පූර්ණ හානි KOik Fully අර්ධ හානි gFjpasT Partially කුඩා හා මධය පරිමාණ වයාපාරික ස්ත්‍රථාන சிறிய, நடுத்தர, நிறுவனங்களின் சேதங்கள்; Small, Medium, Enterprises Damages ඉතා වැදගත් යටිතල පහසුකම් වලට වූ හානි mbg;gilf; fl;likg;Gf;fs; Damages to critical Infrastructure ආරක්ිත ස්ත්‍රථාන ස්ත්‍ංඛ්‍යාව vz;zpf;i f No. of Safety Locations පවුේ ස්ත්‍ංඛ්‍යාව FLk;gq;f s; Families පුද්ගලයින් egHfs; Persons 1 බදුල්ල gJs;is Badulla Haldummulla Landslide 2023.03.19 71 242 6 3 37 1 71 242 Safety center at Mahakanda Tea Factory 71 242 0 6 0 3 37 0 0 1 71 242 71 242 0 6 0 3 37 0 0 1 71 242 Mawanella Tree Falling/Lightning 2023.04.02 3 12 3 Dehiowita Tree Falling 2023.04.03 2 5 2 Warakapola Lightning 2023.04.03 2 9 2 Galigamuwa Tree Falling/Lightning 2023.04.03 9 24 9 16 50 0 0 0 0 16 0 0 0 0 0 16 50 0 0 0 0 16 0 0 0 0 0 Saliyawewa 2023.04.01 7 22 10 Karuwalagaswewa 2023.04.03 11 29 8 3 Mahakubukkadawala 2023.04.01 1 3 1 7 22 0 0 0 0 10 0 0 0 0 0 7 22 0 0 0 0 10 0 0 0 0 0 94 314 0 6 0 3 63 0 0 1 71 242 ආපදා කළමනාකරණ මධ්‍යස"
situation_20230406_0600_ef73b44e.pdf,Landslide,139,"ct ප්‍රා.ලේ. ලකා gpuNjr nra.gp DS Division පවුේ ස්ත්‍ංඛ්‍යාව FLk;gq;fs; Families පුද්ගලයින් egHfs; People පූර්ණ හානි KOik Fully අර්ධ හානි gFjpasT Partially කුඩා හා මධය පරිමාණ වයාපාරික ස්ත්‍රථාන சிறிய, நடுத்தர, நிறுவனங்களின் சேதங்கள்; Small, Medium, Enterprises Damages ඉතා වැදගත් යටිතල පහසුකම් වලට වූ හානි mbg;gilf; fl;likg;Gf;fs; Damages to critical Infrastructure ආරක්ිත ස්ත්‍රථාන ස්ත්‍ංඛ්‍යාව vz;zpf;i f No. of Safety Locations පවුේ ස්ත්‍ංඛ්‍යාව FLk;gq;f s; Families පුද්ගලයින් egHfs; Persons 1 බදුල්ල gJs;is Badulla Haldummulla Landslide 2023.03.19 71 242 6 3 37 1 71 242 Safety center at Mahakanda Tea Factory 71 242 0 6 0 3 37 0 0 1 71 242 71 242 0 6 0 3 37 0 0 1 71 242 Mawanella Tree Falling/Lightning 2023.04.02 3 12 3 Dehiowita Tree Falling 2023.04.03 2 5 2 Warakapola Lightning 2023.04.03 2 9 2 Galigamuwa Tree Falling/Lightning 2023.04.03 9 24 9 16 50 0 0 0 0 16 0 0 0 0 0 16 50 0 0 0 0 16 0 0 0 0 0 Saliyawewa 2023.04.01 7 22 10 Karuwalagaswewa 2023.04.03 11 29 8 3 Mahakubukkadawala 2023.04.01 1 3 1 7 22 0 0 0 0 10 0 0 0 0 0 7 22 0 0 0 0 10 0 0 0 0 0 94 314 0 6 0 3 63 0 0 1 71 242 ආපදා කළමනාකරණ මධ්‍යස"
situation_20230406_1800_43a2cd2d.pdf,Landslide,126,"ct ප්‍රා.ලේ. ලකා gpuNjr nra.gp DS Division පවුේ ස්ත්‍ංඛ්‍යාව FLk;gq;fs; Families පුද්ගලයින් egHfs; People පූර්ණ හානි KOik Fully අර්ධ හානි gFjpasT Partially කුඩා හා මධය පරිමාණ වයාපාරික ස්ත්‍රථාන சிறிய, நடுத்தர, நிறுவனங்களின் சேதங்கள்; Small, Medium, Enterprises Damages ඉතා වැදගත් යටිතල පහසුකම් වලට වූ හානි mbg;gilf; fl;likg;Gf;fs; Damages to critical Infrastructure ආරක්ිත ස්ත්‍රථාන ස්ත්‍ංඛ්‍යාව vz;zpf;i f No. of Safety Locations පවුේ ස්ත්‍ංඛ්‍යාව FLk;gq;f s; Families පුද්ගලයින් egHfs; Persons 1 බදුල්ල gJs;is Badulla Haldummulla Landslide 2023.03.19 71 242 6 3 37 1 71 242 Safety center at Mahakanda Tea Factory 71 242 0 6 0 3 37 0 0 1 71 242 71 242 0 6 0 3 37 0 0 1 71 242 Mawanella Tree Falling/Lightning 2023.04.02 3 12 3 Dehiowita Tree Falling 2023.04.03 2 5 2 Warakapola Lightning 2023.04.03 2 9 2 Galigamuwa Tree Falling/Lightning 2023.04.03 9 24 9 16 50 0 0 0 0 16 0 0 0 0 0 Pelmadulla High Wind 23023.04.04 2 8 2 Kahawaththa 2023.04.04 1 2 1 Weligepola Heavy Rain 2023.04.04 3 13 3 Kalawana Elephant Attack 2023.04.04 1 Godakawela High Wind 2023.04.05 1 5 1 7 28 1 0 0 0 7 0 0 0 0 0 23 78 1 0 0 0 23 0 0 0 0 0 Saliyawewa 2023.04"
situation_20230407_0600_797f775d.pdf,Landslide,126,"ct ප්‍රා.ලේ. ලකා gpuNjr nra.gp DS Division පවුේ ස්ත්‍ංඛ්‍යාව FLk;gq;fs; Families පුද්ගලයින් egHfs; People පූර්ණ හානි KOik Fully අර්ධ හානි gFjpasT Partially කුඩා හා මධය පරිමාණ වයාපාරික ස්ත්‍රථාන சிறிய, நடுத்தர, நிறுவனங்களின் சேதங்கள்; Small, Medium, Enterprises Damages ඉතා වැදගත් යටිතල පහසුකම් වලට වූ හානි mbg;gilf; fl;likg;Gf;fs; Damages to critical Infrastructure ආරක්ිත ස්ත්‍රථාන ස්ත්‍ංඛ්‍යාව vz;zpf;i f No. of Safety Locations පවුේ ස්ත්‍ංඛ්‍යාව FLk;gq;f s; Families පුද්ගලයින් egHfs; Persons 1 බදුල්ල gJs;is Badulla Haldummulla Landslide 2023.03.19 71 242 6 3 37 1 71 242 Safety center at Mahakanda Tea Factory 71 242 0 6 0 3 37 0 0 1 71 242 71 242 0 6 0 3 37 0 0 1 71 242 Mawanella Tree Falling/Lightning 2023.04.02 3 12 3 Dehiowita Tree Falling 2023.04.03 2 5 2 Warakapola Lightning 2023.04.03 2 9 2 Galigamuwa Tree Falling/Lightning 2023.04.03 9 24 9 16 50 0 0 0 0 16 0 0 0 0 0 Pelmadulla High Wind 23023.04.04 2 8 2 Kahawaththa 2023.04.04 1 2 1 Weligepola Heavy Rain 2023.04.04 3 13 3 Kalawana Elephant Attack 2023.04.04 1 Godakawela High Wind 2023.04.05 1 5 1 7 28 1 0 0 0 7 0 0 0 0 0 23 78 1 0 0 0 23 0 0 0 0 0 Saliyawewa 2023.04"
situation_20230407_1800_d5702f5d.pdf,Landslide,83,"ct ප්‍රා.ලේ. ලකා gpuNjr nra.gp DS Division පවුේ ස්ත්‍ංඛ්‍යාව FLk;gq;fs; Families පුද්ගලයින් egHfs; People පූර්ණ හානි KOik Fully අර්ධ හානි gFjpasT Partially කුඩා හා මධය පරිමාණ වයාපාරික ස්ත්‍රථාන சிறிய, நடுத்தர, நிறுவனங்களின் சேதங்கள்; Small, Medium, Enterprises Damages ඉතා වැදගත් යටිතල පහසුකම් වලට වූ හානි mbg;gilf; fl;likg;Gf;fs; Damages to critical Infrastructure ආරක්ිත ස්ත්‍රථාන ස්ත්‍ංඛ්‍යාව vz;zpf;i f No. of Safety Locations පවුේ ස්ත්‍ංඛ්‍යාව FLk;gq;f s; Families පුද්ගලයින් egHfs; Persons 1 බදුල්ල gJs;is Badulla Haldummulla Landslide 2023.03.19 71 242 6 3 37 1 71 242 Safety center at Mahakanda Tea Factory 71 242 0 6 0 3 37 0 0 1 71 242 71 242 0 6 0 3 37 0 0 1 71 242 High Wind 78 291 78 2 * පවුේ 15කට අයත් පුද්ගලයින් 56ක් ඥාතී නිවාස්ත්‍ වල රඳවා ඇත. වියලි ස්ත්‍ලාක ලබා දී ඇත. Lightning 1 5 1 79 296 0 0 0 0 79 2 0 0 0 0 79 296 0 0 0 0 79 2 0 0 0 0 150 538 0 6 0 3 116 2 0 1 71 242 ආපදා කළමනාකරණ මධ්‍යස්ථානය /mdHj;j Kfhikj;Jt epiyak;/ Disaster Management Centre හදිසි ඇමතුම් / njhiyNgrp / Hot Lines: 117, 0112670002, 0112136136 ෆැක්ස්/ njhiy efy; / Fax: 0112670079 විදුත් තැපැල් / kp"
situation_20230409_0600_5de21188.pdf,Landslide,83,"ct ප්‍රා.ලේ. ලකා gpuNjr nra.gp DS Division පවුේ ස්ත්‍ංඛ්‍යාව FLk;gq;fs; Families පුද්ගලයින් egHfs; People පූර්ණ හානි KOik Fully අර්ධ හානි gFjpasT Partially කුඩා හා මධය පරිමාණ වයාපාරික ස්ත්‍රථාන சிறிய, நடுத்தர, நிறுவனங்களின் சேதங்கள்; Small, Medium, Enterprises Damages ඉතා වැදගත් යටිතල පහසුකම් වලට වූ හානි mbg;gilf; fl;likg;Gf;fs; Damages to critical Infrastructure ආරක්ිත ස්ත්‍රථාන ස්ත්‍ංඛ්‍යාව vz;zpf;i f No. of Safety Locations පවුේ ස්ත්‍ංඛ්‍යාව FLk;gq;f s; Families පුද්ගලයින් egHfs; Persons 1 බදුල්ල gJs;is Badulla Haldummulla Landslide 2023.03.19 71 242 6 3 37 1 71 242 Safety center at Mahakanda Tea Factory 71 242 0 6 0 3 37 0 0 1 71 242 71 242 0 6 0 3 37 0 0 1 71 242 High Wind 106 399 106 2 * පවුේ 22කට අයත් පුද්ගලයින් 84ක් ඥාතී නිවාස්ත්‍ වල රඳවා ඇත. වියලි ස්ත්‍ලාක ලබා දී ඇත. Lightning 1 5 1 107 404 0 0 0 0 107 2 0 0 0 0 107 404 0 0 0 0 107 2 0 0 0 0 178 646 0 6 0 3 144 2 0 1 71 242 ආපදා කළමනාකරණ මධ්‍යස්ථානය /mdHj;j Kfhikj;Jt epiyak;/ Disaster Management Centre හදිසි ඇමතුම් / njhiyNgrp / Hot Lines: 117, 0112670002, 0112136136 ෆැක්ස්/ njhiy efy; / Fax: 0112670079 විදුත් තැපැල"
situation_20230409_1800_7a6c02ff.pdf,Landslide,83,"ct ප්‍රා.ලේ. ලකා gpuNjr nra.gp DS Division පවුේ ස්ත්‍ංඛ්‍යාව FLk;gq;fs; Families පුද්ගලයින් egHfs; People පූර්ණ හානි KOik Fully අර්ධ හානි gFjpasT Partially කුඩා හා මධය පරිමාණ වයාපාරික ස්ත්‍රථාන சிறிய, நடுத்தர, நிறுவனங்களின் சேதங்கள்; Small, Medium, Enterprises Damages ඉතා වැදගත් යටිතල පහසුකම් වලට වූ හානි mbg;gilf; fl;likg;Gf;fs; Damages to critical Infrastructure ආරක්ිත ස්ත්‍රථාන ස්ත්‍ංඛ්‍යාව vz;zpf;i f No. of Safety Locations පවුේ ස්ත්‍ංඛ්‍යාව FLk;gq;f s; Families පුද්ගලයින් egHfs; Persons 1 බදුල්ල gJs;is Badulla Haldummulla Landslide 2023.03.19 71 242 6 3 37 1 71 242 Safety center at Mahakanda Tea Factory 71 242 0 6 0 3 37 0 0 1 71 242 71 242 0 6 0 3 37 0 0 1 71 242 High Wind 106 399 106 2 * පවුේ 22කට අයත් පුද්ගලයින් 84ක් ඥාතී නිවාස්ත්‍ වල රඳවා ඇත. වියලි ස්ත්‍ලාක ලබා දී ඇත. Lightning 1 5 1 107 404 0 0 0 0 107 2 0 0 0 0 107 404 0 0 0 0 107 2 0 0 0 0 178 646 0 6 0 3 144 2 0 1 71 242 ආපදා කළමනාකරණ මධ්‍යස්ථානය /mdHj;j Kfhikj;Jt epiyak;/ Disaster Management Centre හදිසි ඇමතුම් / njhiyNgrp / Hot Lines: 117, 0112670002, 0112136136 ෆැක්ස්/ njhiy efy; / Fax: 0112670079 විදුත් තැපැල"
situation_20230410_0600_8f8987d9.pdf,Landslide,83,"ct ප්‍රා.ලේ. ලකා gpuNjr nra.gp DS Division පවුේ ස්ත්‍ංඛ්‍යාව FLk;gq;fs; Families පුද්ගලයින් egHfs; People පූර්ණ හානි KOik Fully අර්ධ හානි gFjpasT Partially කුඩා හා මධය පරිමාණ වයාපාරික ස්ත්‍රථාන சிறிய, நடுத்தர, நிறுவனங்களின் சேதங்கள்; Small, Medium, Enterprises Damages ඉතා වැදගත් යටිතල පහසුකම් වලට වූ හානි mbg;gilf; fl;likg;Gf;fs; Damages to critical Infrastructure ආරක්ිත ස්ත්‍රථාන ස්ත්‍ංඛ්‍යාව vz;zpf;i f No. of Safety Locations පවුේ ස්ත්‍ංඛ්‍යාව FLk;gq;f s; Families පුද්ගලයින් egHfs; Persons 1 බදුල්ල gJs;is Badulla Haldummulla Landslide 2023.03.19 71 242 6 3 37 1 71 242 Safety center at Mahakanda Tea Factory 71 242 0 6 0 3 37 0 0 1 71 242 71 242 0 6 0 3 37 0 0 1 71 242 High Wind 106 399 106 2 * පවුේ 22කට අයත් පුද්ගලයින් 84ක් ඥාතී නිවාස්ත්‍ වල රඳවා ඇත. වියලි ස්ත්‍ලාක ලබා දී ඇත. Lightning 1 5 1 107 404 0 0 0 0 107 2 0 0 0 0 107 404 0 0 0 0 107 2 0 0 0 0 178 646 0 6 0 3 144 2 0 1 71 242 ආපදා කළමනාකරණ මධ්‍යස්ථානය /mdHj;j Kfhikj;Jt epiyak;/ Disaster Management Centre හදිසි ඇමතුම් / njhiyNgrp / Hot Lines: 117, 0112670002, 0112136136 ෆැක්ස්/ njhiy efy; / Fax: 0112670079 විදුත් තැපැල"
situation_20230410_1800_9c9479c4.pdf,Landslide,139,"ct ප්‍රා.ලේ. ලකා gpuNjr nra.gp DS Division පවුේ ස්ත්‍ංඛ්‍යාව FLk;gq;fs; Families පුද්ගලයින් egHfs; People පූර්ණ හානි KOik Fully අර්ධ හානි gFjpasT Partially කුඩා හා මධය පරිමාණ වයාපාරික ස්ත්‍රථාන சிறிய, நடுத்தர, நிறுவனங்களின் சேதங்கள்; Small, Medium, Enterprises Damages ඉතා වැදගත් යටිතල පහසුකම් වලට වූ හානි mbg;gilf; fl;likg;Gf;fs; Damages to critical Infrastructure ආරක්ිත ස්ත්‍රථාන ස්ත්‍ංඛ්‍යාව vz;zpf;i f No. of Safety Locations පවුේ ස්ත්‍ංඛ්‍යාව FLk;gq;f s; Families පුද්ගලයින් egHfs; Persons 1 බදුල්ල gJs;is Badulla Haldummulla Landslide 2023.03.19 71 242 6 3 37 1 71 242 Safety center at Mahakanda Tea Factory 71 242 0 6 0 3 37 0 0 1 71 242 71 242 0 6 0 3 37 0 0 1 71 242 High Wind 2023.04.06 126 485 126 3 Lightning 2023.04.06 3 13 3 Lightning 2023.04.07 1 4 1 2023.04.05 1 3 1 2023.04.06 8 34 9 1 2023.04.07 1 2 2 Dehiovita Tree Fallen 2023.04.07 2 7 2 Mawanella Tree Fallen 2023.04.06 2 7 2 1 Bulathkohupitiya Lightning 2023.04.07 4 17 4 2023.04.08 8 26 8 2023.04.07 1 4 1 Lightning 2023.04.09 3 10 3 Lightning 2023.04.08 1 3 1 161 615 0 0 0 0 163 5 0 0 0 0 Godakawela High Wind 2023.04.06 1 4 1 Kahawaththa Heavy Rain 2023.04.07 1"
situation_20230411_0600_0537015d.pdf,Landslide,139,"ct ප්‍රා.ලේ. ලකා gpuNjr nra.gp DS Division පවුේ ස්ත්‍ංඛ්‍යාව FLk;gq;fs; Families පුද්ගලයින් egHfs; People පූර්ණ හානි KOik Fully අර්ධ හානි gFjpasT Partially කුඩා හා මධය පරිමාණ වයාපාරික ස්ත්‍රථාන சிறிய, நடுத்தர, நிறுவனங்களின் சேதங்கள்; Small, Medium, Enterprises Damages ඉතා වැදගත් යටිතල පහසුකම් වලට වූ හානි mbg;gilf; fl;likg;Gf;fs; Damages to critical Infrastructure ආරක්ිත ස්ත්‍රථාන ස්ත්‍ංඛ්‍යාව vz;zpf;i f No. of Safety Locations පවුේ ස්ත්‍ංඛ්‍යාව FLk;gq;f s; Families පුද්ගලයින් egHfs; Persons 1 බදුල්ල gJs;is Badulla Haldummulla Landslide 2023.03.19 71 242 6 3 37 1 71 242 Safety center at Mahakanda Tea Factory 71 242 0 6 0 3 37 0 0 1 71 242 71 242 0 6 0 3 37 0 0 1 71 242 High Wind 2023.04.06 126 485 126 3 Lightning 2023.04.06 3 13 3 Lightning 2023.04.07 1 4 1 2023.04.05 1 3 1 2023.04.06 8 34 9 1 2023.04.07 1 2 2 Dehiovita Tree Fallen 2023.04.07 2 7 2 Mawanella Tree Fallen 2023.04.06 2 7 2 1 Bulathkohupitiya Lightning 2023.04.07 4 17 4 2023.04.08 8 26 8 2023.04.07 1 4 1 Lightning 2023.04.09 3 10 3 Lightning 2023.04.08 1 3 1 161 615 0 0 0 0 163 5 0 0 0 0 Godakawela High Wind 2023.04.06 1 4 1 Kahawaththa Heavy Rain 2023.04.07 1"
situation_20230411_1800_c4f4abf1.pdf,Landslide,146,"ct ප්‍රා.ලේ. ලකා gpuNjr nra.gp DS Division පවුේ ස්ත්‍ංඛ්‍යාව FLk;gq;fs; Families පුද්ගලයින් egHfs; People පූර්ණ හානි KOik Fully අර්ධ හානි gFjpasT Partially කුඩා හා මධය පරිමාණ වයාපාරික ස්ත්‍රථාන சிறிய, நடுத்தர, நிறுவனங்களின் சேதங்கள்; Small, Medium, Enterprises Damages ඉතා වැදගත් යටිතල පහසුකම් වලට වූ හානි mbg;gilf; fl;likg;Gf;fs; Damages to critical Infrastructure ආරක්ිත ස්ත්‍රථාන ස්ත්‍ංඛ්‍යාව vz;zpf;i f No. of Safety Locations පවුේ ස්ත්‍ංඛ්‍යාව FLk;gq;f s; Families පුද්ගලයින් egHfs; Persons 1 බදුල්ල gJs;is Badulla Haldummulla Landslide 2023.03.19 70 240 6 3 37 1 70 240 Safety center at Mahakanda Tea Factory 70 240 0 6 0 3 37 0 0 1 70 240 70 240 0 6 0 3 37 0 0 1 70 240 High Wind 2023.04.06 126 485 126 3 Lightning 2023.04.06 3 13 3 Lightning 2023.04.07 1 4 1 130 502 0 0 0 0 130 3 0 0 0 0 Kiriella Lightning 2023.04.09 1 4 1 Elapatha Lightning 2023.04.09 1 4 1 2 8 0 0 0 0 2 0 0 0 0 0 132 510 0 0 0 0 132 3 0 0 0 0 4 හම්බන්තොට `k;ghe;Njhl;il Hambantota Beliaththa Tree Fallen 2023.04.11 1 2 1 1 2 0 0 0 0 1 0 0 0 0 0 1 2 0 0 0 0 1 0 0 0 0 0 203 752 0 6 0 3 170 3 0 1 70 240 ආපදො කළමනොකරණ මධ්‍යස්ථොනය /mdHj;j"
situation_20230412_0600_bcbad21f.pdf,Landslide,143,"ct ප්‍රා.ලේ. ලකා gpuNjr nra.gp DS Division පවුේ ස්ත්‍ංඛ්‍යාව FLk;gq;fs; Families පුද්ගලයින් egHfs; People පූර්ණ හානි KOik Fully අර්ධ හානි gFjpasT Partially කුඩා හා මධය පරිමාණ වයාපාරික ස්ත්‍රථාන சிறிய, நடுத்தர, நிறுவனங்களின் சேதங்கள்; Small, Medium, Enterprises Damages ඉතා වැදගත් යටිතල පහසුකම් වලට වූ හානි mbg;gilf; fl;likg;Gf;fs; Damages to critical Infrastructure ආරක්ිත ස්ත්‍රථාන ස්ත්‍ංඛ්‍යාව vz;zpf;i f No. of Safety Locations පවුේ ස්ත්‍ංඛ්‍යාව FLk;gq;f s; Families පුද්ගලයින් egHfs; Persons 1 බදුල්ල gJs;is Badulla Haldummulla Landslide 2023.03.19 70 240 6 3 37 1 70 240 Safety center at Mahakanda Tea Factory 70 240 0 6 0 3 37 0 0 1 70 240 70 240 0 6 0 3 37 0 0 1 70 240 High Wind 2023.04.06 126 485 126 3 Lightning 2023.04.06 3 13 3 Lightning 2023.04.07 1 4 1 130 502 0 0 0 0 130 3 0 0 0 0 Kiriella Lightning 2023.04.09 1 4 1 Elapatha Lightning 2023.04.09 1 4 1 2 8 0 0 0 0 2 0 0 0 0 0 132 510 0 0 0 0 132 3 0 0 0 0 4 හම්බන්තොට `k;ghe;Njhl;il Hambantota Beliaththa Tree Fallen 2023.04.11 1 2 1 1 2 0 0 0 0 1 0 0 0 0 0 5 ගොල්ල fhyp Galle Welivitiya Divithura Fire 2023.04.11 1 4 1 1 4 0 0 0 0 1 0 0 0 0 0 2 6"
situation_20230412_1800_69ce43ce.pdf,Landslide,124,"ct ප්‍රා.ලේ. ලකා gpuNjr nra.gp DS Division පවුේ ස්ත්‍ංඛ්‍යාව FLk;gq;fs; Families පුද්ගලයින් egHfs; People පූර්ණ හානි KOik Fully අර්ධ හානි gFjpasT Partially කුඩා හා මධය පරිමාණ වයාපාරික ස්ත්‍රථාන சிறிய, நடுத்தர, நிறுவனங்களின் சேதங்கள்; Small, Medium, Enterprises Damages ඉතා වැදගත් යටිතල පහසුකම් වලට වූ හානි mbg;gilf; fl;likg;Gf;fs; Damages to critical Infrastructure ආරක්ිත ස්ත්‍රථාන ස්ත්‍ංඛ්‍යාව vz;zpf;i f No. of Safety Locations පවුේ ස්ත්‍ංඛ්‍යාව FLk;gq;f s; Families පුද්ගලයින් egHfs; Persons 1 බදුල්ල gJs;is Badulla Haldummulla Landslide 2023.03.19 70 240 6 3 37 1 70 240 Safety center at Mahakanda Tea Factory 70 240 0 6 0 3 37 0 0 1 70 240 70 240 0 6 0 3 37 0 0 1 70 240 High Wind 2023.04.06 126 485 126 3 Lightning 2023.04.06 3 13 3 Lightning 2023.04.07 1 4 1 130 502 0 0 0 0 130 3 0 0 0 0 2023.04.06 1 3 1 2023.04.10 1 3 1 Elapatha 2023.04.10 1 3 1 3 9 0 0 0 0 3 0 0 0 0 0 133 511 0 0 0 0 133 3 0 0 0 0 203 751 0 6 0 3 170 3 0 1 70 240 ආපදා කළමනාකරණ මධ්‍යස්ථානය /mdHj;j Kfhikj;Jt epiyak;/ Disaster Management Centre හදිසි ඇමතුම් / njhiyNgrp / Hot Lines: 117, 0112670002, 0112136136 ෆැක්ස්/ njhiy efy; /"
situation_20230413_1800_fc4f8b47.pdf,Landslide,124,"ct ප්‍රා.ලේ. ලකා gpuNjr nra.gp DS Division පවුේ ස්ත්‍ංඛ්‍යාව FLk;gq;fs; Families පුද්ගලයින් egHfs; People පූර්ණ හානි KOik Fully අර්ධ හානි gFjpasT Partially කුඩා හා මධය පරිමාණ වයාපාරික ස්ත්‍රථාන சிறிய, நடுத்தர, நிறுவனங்களின் சேதங்கள்; Small, Medium, Enterprises Damages ඉතා වැදගත් යටිතල පහසුකම් වලට වූ හානි mbg;gilf; fl;likg;Gf;fs; Damages to critical Infrastructure ආරක්ිත ස්ත්‍රථාන ස්ත්‍ංඛ්‍යාව vz;zpf;i f No. of Safety Locations පවුේ ස්ත්‍ංඛ්‍යාව FLk;gq;f s; Families පුද්ගලයින් egHfs; Persons 1 බදුල්ල gJs;is Badulla Haldummulla Landslide 2023.03.19 70 240 6 3 37 1 70 240 Safety center at Mahakanda Tea Factory 70 240 0 6 0 3 37 0 0 1 70 240 70 240 0 6 0 3 37 0 0 1 70 240 High Wind 2023.04.06 126 485 126 3 Lightning 2023.04.06 3 13 3 Lightning 2023.04.07 1 4 1 130 502 0 0 0 0 130 3 0 0 0 0 2023.04.06 1 3 1 2023.04.10 1 3 1 Elapatha 2023.04.10 1 3 1 3 9 0 0 0 0 3 0 0 0 0 0 133 511 0 0 0 0 133 3 0 0 0 0 203 751 0 6 0 3 170 3 0 1 70 240 ආපදා කළමනාකරණ මධ්‍යස්ථානය /mdHj;j Kfhikj;Jt epiyak;/ Disaster Management Centre හදිසි ඇමතුම් / njhiyNgrp / Hot Lines: 117, 0112670002, 0112136136 ෆැක්ස්/ njhiy efy; /"
situation_20230414_1800_69d454e2.pdf,Landslide,124,"ct ප්‍රා.ලේ. ලකා gpuNjr nra.gp DS Division පවුේ ස්ත්‍ංඛ්‍යාව FLk;gq;fs; Families පුද්ගලයින් egHfs; People පූර්ණ හානි KOik Fully අර්ධ හානි gFjpasT Partially කුඩා හා මධය පරිමාණ වයාපාරික ස්ත්‍රථාන சிறிய, நடுத்தர, நிறுவனங்களின் சேதங்கள்; Small, Medium, Enterprises Damages ඉතා වැදගත් යටිතල පහසුකම් වලට වූ හානි mbg;gilf; fl;likg;Gf;fs; Damages to critical Infrastructure ආරක්ිත ස්ත්‍රථාන ස්ත්‍ංඛ්‍යාව vz;zpf;i f No. of Safety Locations පවුේ ස්ත්‍ංඛ්‍යාව FLk;gq;f s; Families පුද්ගලයින් egHfs; Persons 1 බදුල්ල gJs;is Badulla Haldummulla Landslide 2023.03.19 70 240 6 3 37 1 70 240 Safety center at Mahakanda Tea Factory 70 240 0 6 0 3 37 0 0 1 70 240 70 240 0 6 0 3 37 0 0 1 70 240 High Wind 2023.04.06 126 485 126 3 Lightning 2023.04.06 3 13 3 Lightning 2023.04.07 1 4 1 130 502 0 0 0 0 130 3 0 0 0 0 130 502 0 0 0 0 130 3 0 0 0 0 3 ගාල්ල fhyp Galle Hikkaduwa Lightning 2023.04.13 2 11 2 2 11 0 0 0 0 2 0 0 0 0 0 2 11 0 0 0 0 2 0 0 0 0 0 202 753 0 6 0 3 169 3 0 1 70 240 ආපදා කළමනාකරණ මධ්‍යස්ථානය /mdHj;j Kfhikj;Jt epiyak;/ Disaster Management Centre හදිසි ඇමතුම් / njhiyNgrp / Hot Lines: 117, 0"
situation_20230418_0600_d5d29293.pdf,Landslide,135,"ct ප්‍රා.ලේ. ලකා gpuNjr nra.gp DS Division පවුේ ස්ත්‍ංඛ්‍යාව FLk;gq;fs; Families පුද්ගලයින් egHfs; People පූර්ණ හානි KOik Fully අර්ධ හානි gFjpasT Partially කුඩා හා මධය පරිමාණ වයාපාරික ස්ත්‍රථාන சிறிய, நடுத்தர, நிறுவனங்களின் சேதங்கள்; Small, Medium, Enterprises Damages ඉතා වැදගත් යටිතල පහසුකම් වලට වූ හානි mbg;gilf; fl;likg;Gf;fs; Damages to critical Infrastructure ආරක්ිත ස්ත්‍රථාන ස්ත්‍ංඛ්‍යාව vz;zpf;i f No. of Safety Locations පවුේ ස්ත්‍ංඛ්‍යාව FLk;gq;f s; Families පුද්ගලයින් egHfs; Persons 1 බදුල්ල gJs;is Badulla Haldummulla Landslide 2023.03.19 70 240 6 3 37 1 70 240 Safety center at Mahakanda Tea Factory 70 240 0 6 0 3 37 0 0 1 70 240 70 240 0 6 0 3 37 0 0 1 70 240 Warakapola Lightning 2023.04.16 3 14 3 Fire 2023.04.12 1 2 1 1 Lightning 2023.04.16 2 7 2 Ruwanwella Lightning 2023.04.15 2 9 1 2 2 Kegalle Lightning 2023.04.15 1 4 1 Mawanella Tree Fallen 2023.04.16 1 5 1 Deraniyagala Lightning/Tree Fallen 2023.04.14/15 13 51 13 23 92 2 2 0 0 23 0 0 0 0 0 Godakawela High Wind 2023.04.10/13/14 3 9 3 Ebilipitiya High Wind 2023.04.13/14 12 39 12 Kalawana High Wind 2023.04.16 6 22 6 21 70 0 0 0 0 21 0 0 0 0 0 44 162 2 2 0 0 44 0"
situation_20230418_1800_a3b5b367.pdf,Landslide,122,"ct ප්‍රා.ලේ. ලකා gpuNjr nra.gp DS Division පවුේ ස්ත්‍ංඛ්‍යාව FLk;gq;fs; Families පුද්ගලයින් egHfs; People පූර්ණ හානි KOik Fully අර්ධ හානි gFjpasT Partially කුඩා හා මධය පරිමාණ වයාපාරික ස්ත්‍රථාන சிறிய, நடுத்தர, நிறுவனங்களின் சேதங்கள்; Small, Medium, Enterprises Damages ඉතා වැදගත් යටිතල පහසුකම් වලට වූ හානි mbg;gilf; fl;likg;Gf;fs; Damages to critical Infrastructure ආරක්ිත ස්ත්‍රථාන ස්ත්‍ංඛ්‍යාව vz;zpf;i f No. of Safety Locations පවුේ ස්ත්‍ංඛ්‍යාව FLk;gq;f s; Families පුද්ගලයින් egHfs; Persons 1 බදුල්ල gJs;is Badulla Haldummulla Landslide 2023.03.19 70 240 6 3 37 1 70 240 Safety center at Mahakanda Tea Factory 70 240 0 6 0 3 37 0 0 1 70 240 70 240 0 6 0 3 37 0 0 1 70 240 Warakapola Lightning 2023.04.16 4 19 4 Fire 2023.04.12 1 2 1 1 Lightning 2023.04.16 2 7 2 Tree Fallen 2023.04.17/18 2 5 2 Ruwanwella Lightning 2023.04.15 2 9 1 2 2 Kegalle Lightning 2023.04.15 1 4 1 Mawanella Tree Fallen 2023.04.16 3 10 3 Deraniyagala Lightning/Tree Fallen 2023.04.14/15 13 51 13 Dehiovita Heavy Rain 2023.04.17 1 2 1 29 109 2 2 0 0 29 0 0 0 0 0 Godakawela High Wind 2023.04.10/13/14 3 9 3 Ebilipitiya High Wind 2023.04.13/14 12 39 12 Kalawana Hi"
situation_20230419_1800_cb0aa182.pdf,Landslide,139,"ct ප්‍රා.ලේ. ලකා gpuNjr nra.gp DS Division පවුේ ස්ත්‍ංඛ්‍යාව FLk;gq;fs; Families පුද්ගලයින් egHfs; People පූර්ණ හානි KOik Fully අර්ධ හානි gFjpasT Partially කුඩා හා මධය පරිමාණ වයාපාරික ස්ත්‍රථාන சிறிய, நடுத்தர, நிறுவனங்களின் சேதங்கள்; Small, Medium, Enterprises Damages ඉතා වැදගත් යටිතල පහසුකම් වලට වූ හානි mbg;gilf; fl;likg;Gf;fs; Damages to critical Infrastructure ආරක්ිත ස්ත්‍රථාන ස්ත්‍ංඛ්‍යාව vz;zpf;i f No. of Safety Locations පවුේ ස්ත්‍ංඛ්‍යාව FLk;gq;f s; Families පුද්ගලයින් egHfs; Persons 1 බදුල්ල gJs;is Badulla Haldummulla Landslide 2023.03.19 70 240 6 3 37 1 70 240 Safety center at Mahakanda Tea Factory 70 240 0 6 0 3 37 0 0 1 70 240 70 240 0 6 0 3 37 0 0 1 70 240 Godakawela High Wind 2023.04.10/13/14 3 9 3 Ebilipitiya High Wind 2023.04.13/14 12 39 12 Kalawana High Wind 2023.04.16 6 22 6 Kiriella High Wind 2023.04.18 1 4 1 22 74 0 0 0 0 22 0 0 0 0 0 22 74 0 0 0 0 22 0 0 0 0 0 Mahoya 2023.04.12 649 2192 2 Pothuvil 2023.04.17 2639 8926 Lahugala 2023.04.17 143 510 3431 11628 0 0 0 0 2 0 0 0 0 0 3431 11628 0 0 0 0 2 0 0 0 0 0 3523 11942 0 6 0 3 61 0 0 1 70 240 ආපදා කළමනාකරණ මධ්‍යස්ථානය /mdHj;j Kfhikj;"
situation_20230420_1800_15116e45.pdf,Landslide,147,"ct ප්‍රා.ලේ. ලකා gpuNjr nra.gp DS Division පවුේ ස්ත්‍ංඛ්‍යාව FLk;gq;fs; Families පුද්ගලයින් egHfs; People පූර්ණ හානි KOik Fully අර්ධ හානි gFjpasT Partially කුඩා හා මධය පරිමාණ වයාපාරික ස්ත්‍රථාන சிறிய, நடுத்தர, நிறுவனங்களின் சேதங்கள்; Small, Medium, Enterprises Damages ඉතා වැදගත් යටිතල පහසුකම් වලට වූ හානි mbg;gilf; fl;likg;Gf;fs; Damages to critical Infrastructure ආරක්ිත ස්ත්‍රථාන ස්ත්‍ංඛ්‍යාව vz;zpf;i f No. of Safety Locations පවුේ ස්ත්‍ංඛ්‍යාව FLk;gq;f s; Families පුද්ගලයින් egHfs; Persons 1 බදුල්ල gJs;is Badulla Haldummulla Landslide 2023.03.19 70 240 6 3 37 1 70 240 Safety center at Mahakanda Tea Factory 70 240 0 6 0 3 37 0 0 1 70 240 70 240 0 6 0 3 37 0 0 1 70 240 Godakawela High Wind 2023.04.10/13/14 3 9 3 Ebilipitiya High Wind 2023.04.13/14 12 39 12 Kalawana High Wind 2023.04.16 6 22 6 Kiriella High Wind 2023.04.18 1 4 1 Elapatha Heavy Rain 2023.04.16 1 3 1 Godakawela High Wind 2023.04.18 1 5 1 24 82 0 0 0 0 24 0 0 0 0 0 24 82 0 0 0 0 24 0 0 0 0 0 Mahoya 2023.04.12 649 2192 2 Pothuvil 2023.04.17 2639 8926 Lahugala 2023.04.17 143 510 3431 11628 0 0 0 0 2 0 0 0 0 0 3431 11628 0 0 0 0 2 0 0 0 0 0 3525 11950 0 6 0 3 63 0"
situation_20230421_1800_9f0b34b1.pdf,Landslide,148,"ct ප්‍රා.ලේ. ලකා gpuNjr nra.gp DS Division පවුේ ස්ත්‍ංඛ්‍යාව FLk;gq;fs; Families පුද්ගලයින් egHfs; People පූර්ණ හානි KOik Fully අර්ධ හානි gFjpasT Partially කුඩා හා මධය පරිමාණ වයාපාරික ස්ත්‍රථාන சிறிய, நடுத்தர, நிறுவனங்களின் சேதங்கள்; Small, Medium, Enterprises Damages ඉතා වැදගත් යටිතල පහසුකම් වලට වූ හානි mbg;gilf; fl;likg;Gf;fs; Damages to critical Infrastructure ආරක්ිත ස්ත්‍රථාන ස්ත්‍ංඛ්‍යාව vz;zpf;i f No. of Safety Locations පවුේ ස්ත්‍ංඛ්‍යාව FLk;gq;f s; Families පුද්ගලයින් egHfs; Persons 1 බදුල්ල gJs;is Badulla Haldummulla Landslide 2023.03.19 70 240 6 3 37 1 70 240 Safety center at Mahakanda Tea Factory 70 240 0 6 0 3 37 0 0 1 70 240 70 240 0 6 0 3 37 0 0 1 70 240 Kuruwita High Wind 2023.04.20 4 16 4 Rathnapura High Wind 2023.04.13/14 4 14 4 8 30 0 0 0 0 8 0 0 0 0 0 Ruwanwella High Wind 2023.04.17 1 Yatiyantota High Wind 2023.04.17 3 11 3 3 11 0 0 0 0 4 0 0 0 0 0 11 41 0 0 0 0 12 0 0 0 0 0 Mahoya 2023.04.12 649 2192 2 Pothuvil 2023.04.17 2639 8926 Lahugala 2023.04.17 143 510 3431 11628 0 0 0 0 2 0 0 0 0 0 5 ත්‍රීකුණාමලය jp.kiy Trincomalee Kantale High Wind 2023.04.20 3 10 3 3 10 0 0 0 0 3 0 0 0 0 0 3434 11638 0 0 0 0"
situation_20230422_0600_9fb27a62.pdf,Landslide,148,"ct ප්‍රා.ලේ. ලකා gpuNjr nra.gp DS Division පවුේ ස්ත්‍ංඛ්‍යාව FLk;gq;fs; Families පුද්ගලයින් egHfs; People පූර්ණ හානි KOik Fully අර්ධ හානි gFjpasT Partially කුඩා හා මධය පරිමාණ වයාපාරික ස්ත්‍රථාන சிறிய, நடுத்தர, நிறுவனங்களின் சேதங்கள்; Small, Medium, Enterprises Damages ඉතා වැදගත් යටිතල පහසුකම් වලට වූ හානි mbg;gilf; fl;likg;Gf;fs; Damages to critical Infrastructure ආරක්ිත ස්ත්‍රථාන ස්ත්‍ංඛ්‍යාව vz;zpf;i f No. of Safety Locations පවුේ ස්ත්‍ංඛ්‍යාව FLk;gq;f s; Families පුද්ගලයින් egHfs; Persons 1 බදුල්ල gJs;is Badulla Haldummulla Landslide 2023.03.19 70 240 6 3 37 1 70 240 Safety center at Mahakanda Tea Factory 70 240 0 6 0 3 37 0 0 1 70 240 70 240 0 6 0 3 37 0 0 1 70 240 Kuruwita High Wind 2023.04.20 4 16 4 Rathnapura High Wind 2023.04.13/14 4 14 4 8 30 0 0 0 0 8 0 0 0 0 0 Ruwanwella High Wind 2023.04.17 1 Yatiyantota High Wind 2023.04.17 3 11 3 3 11 0 0 0 0 4 0 0 0 0 0 11 41 0 0 0 0 12 0 0 0 0 0 Mahoya 2023.04.12 649 2192 2 Pothuvil 2023.04.17 2639 8926 Lahugala 2023.04.17 143 510 3431 11628 0 0 0 0 2 0 0 0 0 0 5 ත්‍රීකුණාමලය jp.kiy Trincomalee Kantale High Wind 2023.04.20 3 10 3 3 10 0 0 0 0 3 0 0 0 0 0 3434 11638 0 0 0 0"
situation_20230422_1800_238e9413.pdf,Landslide,127,"ct ප්‍රා.ලේ. ලකා gpuNjr nra.gp DS Division පවුේ ස්ත්‍ංඛ්‍යාව FLk;gq;fs; Families පුද්ගලයින් egHfs; People පූර්ණ හානි KOik Fully අර්ධ හානි gFjpasT Partially කුඩා හා මධය පරිමාණ වයාපාරික ස්ත්‍රථාන சிறிய, நடுத்தர, நிறுவனங்களின் சேதங்கள்; Small, Medium, Enterprises Damages ඉතා වැදගත් යටිතල පහසුකම් වලට වූ හානි mbg;gilf; fl;likg;Gf;fs; Damages to critical Infrastructure ආරක්ිත ස්ත්‍රථාන ස්ත්‍ංඛ්‍යාව vz;zpf;i f No. of Safety Locations පවුේ ස්ත්‍ංඛ්‍යාව FLk;gq;f s; Families පුද්ගලයින් egHfs; Persons 1 බදුල්ල gJs;is Badulla Haldummulla Landslide 2023.03.19 70 240 6 3 37 1 70 240 Safety center at Mahakanda Tea Factory 70 240 0 6 0 3 37 0 0 1 70 240 70 240 0 6 0 3 37 0 0 1 70 240 Mahoya 2023.04.12 649 2192 2 Pothuvil 2023.04.17 2639 8926 Lahugala 2023.04.17 143 510 3431 11628 0 0 0 0 2 0 0 0 0 0 3431 11628 0 0 0 0 2 0 0 0 0 0 Karachchi 2023.04.22 1 4 1 Kandawalai 2023.04.22 1 1 1 2 5 0 0 0 0 2 0 0 0 0 0 2 5 0 0 0 0 2 0 0 0 0 0 3503 11873 0 6 0 3 41 0 0 1 70 240 ආපදා කළමනාකරණ මධ්‍යස්ථානය /mdHj;j Kfhikj;Jt epiyak;/ Disaster Management Centre හදිසි ඇමතුම් / njhiyNgrp / Hot Lines: 117, 0112670002, 0112136136 ෆ"
situation_20230423_0600_4f2fb9d1.pdf,Flood,192,"ූ හානි mbg;gilf; fl;likg;Gf;fs; Damages to critical Infrastructure ආරක්ිත ස්ත්‍රථාන ස්ත්‍ංඛ්‍යාව vz;zpf;i f No. of Safety Locations පවුේ ස්ත්‍ංඛ්‍යාව FLk;gq;f s; Families පුද්ගලයින් egHfs; Persons 1 බදුල්ල gJs;is Badulla Haldummulla Landslide 2023.03.19 70 240 6 3 37 1 70 240 Safety center at Mahakanda Tea Factory 70 240 0 6 0 3 37 0 0 1 70 240 70 240 0 6 0 3 37 0 0 1 70 240 Mahoya 2023.04.12 649 2192 Pothuvil 2023.04.17 2639 8926 Lahugala 2023.04.17 143 510 3431 11628 0 0 0 0 0 0 0 0 0 0 3431 11628 0 0 0 0 0 0 0 0 0 0 3 නුවරඑලිය Etnuypah Nuwara Eliya Ambagamuwa Flood 2023.04.24 14 52 14 1 10 30 Gawarawila Church 14 52 0 0 0 0 14 0 0 1 10 30 14 52 0 0 0 0 14 0 0 1 10 30 Pallama Lightning 2023.04.28 1 4 1 Mundalama High Wind 2023.04.28 1 3 1 2 7 1 0 0 0 1 0 0 0 0 0 2 7 1 0 0 0 1 0 0 0 0 0 Tree Fallan 104 456 104 Lightning 2 9 1 2 106 465 1 0 0 0 106 0 0 0 0 0 106 465 1 0 0 0 106 0 0 0 0 0 3623 12392 2 6 0 3 158 0 0 2 80 270 ආපදා කළමනාකරණ මධ්‍යස්ථානය /mdHj;j Kfhikj;Jt epiyak;/ Disaster Management Centre හදිසි ඇමතුම් / njhiyNgrp / Hot Lines: 117, 0112670002, 0112136136 ෆැක්ස්/ njhiy efy; / Fax: 0112670079 විදුත් ත"
situation_20230423_0600_4f2fb9d1.pdf,Landslide,151,"ct ප්‍රා.ලේ. ලකා gpuNjr nra.gp DS Division පවුේ ස්ත්‍ංඛ්‍යාව FLk;gq;fs; Families පුද්ගලයින් egHfs; People පූර්ණ හානි KOik Fully අර්ධ හානි gFjpasT Partially කුඩා හා මධය පරිමාණ වයාපාරික ස්ත්‍රථාන சிறிய, நடுத்தர, நிறுவனங்களின் சேதங்கள்; Small, Medium, Enterprises Damages ඉතා වැදගත් යටිතල පහසුකම් වලට වූ හානි mbg;gilf; fl;likg;Gf;fs; Damages to critical Infrastructure ආරක්ිත ස්ත්‍රථාන ස්ත්‍ංඛ්‍යාව vz;zpf;i f No. of Safety Locations පවුේ ස්ත්‍ංඛ්‍යාව FLk;gq;f s; Families පුද්ගලයින් egHfs; Persons 1 බදුල්ල gJs;is Badulla Haldummulla Landslide 2023.03.19 70 240 6 3 37 1 70 240 Safety center at Mahakanda Tea Factory 70 240 0 6 0 3 37 0 0 1 70 240 70 240 0 6 0 3 37 0 0 1 70 240 Mahoya 2023.04.12 649 2192 Pothuvil 2023.04.17 2639 8926 Lahugala 2023.04.17 143 510 3431 11628 0 0 0 0 0 0 0 0 0 0 3431 11628 0 0 0 0 0 0 0 0 0 0 3 නුවරඑලිය Etnuypah Nuwara Eliya Ambagamuwa Flood 2023.04.24 14 52 14 1 10 30 Gawarawila Church 14 52 0 0 0 0 14 0 0 1 10 30 14 52 0 0 0 0 14 0 0 1 10 30 Pallama Lightning 2023.04.28 1 4 1 Mundalama High Wind 2023.04.28 1 3 1 2 7 1 0 0 0 1 0 0 0 0 0 2 7 1 0 0 0 1 0 0 0 0 0 Tree Fallan 104 456 104 Lightning 2 9 1"
situation_20230423_0600_98cd8395.pdf,Landslide,145,"ct ප්‍රා.ලේ. ලකා gpuNjr nra.gp DS Division පවුේ ස්ත්‍ංඛ්‍යාව FLk;gq;fs; Families පුද්ගලයින් egHfs; People පූර්ණ හානි KOik Fully අර්ධ හානි gFjpasT Partially කුඩා හා මධය පරිමාණ වයාපාරික ස්ත්‍රථාන சிறிய, நடுத்தர, நிறுவனங்களின் சேதங்கள்; Small, Medium, Enterprises Damages ඉතා වැදගත් යටිතල පහසුකම් වලට වූ හානි mbg;gilf; fl;likg;Gf;fs; Damages to critical Infrastructure ආරක්ිත ස්ත්‍රථාන ස්ත්‍ංඛ්‍යාව vz;zpf;i f No. of Safety Locations පවුේ ස්ත්‍ංඛ්‍යාව FLk;gq;f s; Families පුද්ගලයින් egHfs; Persons 1 බදුල්ල gJs;is Badulla Haldummulla Landslide 2023.03.19 70 240 6 3 37 1 70 240 Safety center at Mahakanda Tea Factory 70 240 0 6 0 3 37 0 0 1 70 240 70 240 0 6 0 3 37 0 0 1 70 240 Mahoya 2023.04.12 649 2192 2 Pothuvil 2023.04.17 2639 8926 Lahugala 2023.04.17 143 510 3431 11628 0 0 0 0 2 0 0 0 0 0 3431 11628 0 0 0 0 2 0 0 0 0 0 Karachchi 2023.04.22 1 4 1 Kandawalai 2023.04.22 1 1 1 2 5 0 0 0 0 2 0 0 0 0 0 4 යාපනය aho;g;ghzk; Jaffna Chavakachcheri High wind 2023.04.22 10 32 9 1 2 10 32 0 0 0 0 9 1 2 0 0 0 12 37 0 0 0 0 11 1 2 0 0 0 3513 11905 0 6 0 3 50 1 2 1 70 240 ආපදා කළමනාකරණ මධ්‍යස්ථානය /mdHj;j Kfhikj;Jt epiya"
situation_20230423_1800_9113d949.pdf,Landslide,122,"ct ප්‍රා.ලේ. ලකා gpuNjr nra.gp DS Division පවුේ ස්ත්‍ංඛ්‍යාව FLk;gq;fs; Families පුද්ගලයින් egHfs; People පූර්ණ හානි KOik Fully අර්ධ හානි gFjpasT Partially කුඩා හා මධය පරිමාණ වයාපාරික ස්ත්‍රථාන சிறிய, நடுத்தர, நிறுவனங்களின் சேதங்கள்; Small, Medium, Enterprises Damages ඉතා වැදගත් යටිතල පහසුකම් වලට වූ හානි mbg;gilf; fl;likg;Gf;fs; Damages to critical Infrastructure ආරක්ිත ස්ත්‍රථාන ස්ත්‍ංඛ්‍යාව vz;zpf;i f No. of Safety Locations පවුේ ස්ත්‍ංඛ්‍යාව FLk;gq;f s; Families පුද්ගලයින් egHfs; Persons 1 බදුල්ල gJs;is Badulla Haldummulla Landslide 2023.03.19 70 240 6 3 37 1 70 240 Safety center at Mahakanda Tea Factory 70 240 0 6 0 3 37 0 0 1 70 240 70 240 0 6 0 3 37 0 0 1 70 240 Mahoya 2023.04.12 649 2192 2 Pothuvil 2023.04.17 2639 8926 Lahugala 2023.04.17 143 510 3431 11628 0 0 0 0 2 0 0 0 0 0 3431 11628 0 0 0 0 2 0 0 0 0 0 3 යාපනය aho;g;ghzk; Jaffna Chavakachcheri High wind 2023.04.22 15 50 14 1 2 15 50 0 0 0 0 14 1 2 0 0 0 15 50 0 0 0 0 14 1 2 0 0 0 3516 11918 0 6 0 3 53 1 2 1 70 240 ආපදා කළමනාකරණ මධ්‍යස්ථානය /mdHj;j Kfhikj;Jt epiyak;/ Disaster Management Centre හදිසි ඇමතුම් / njhiyNgrp / Hot Lines: 117,"
situation_20230424_0600_7b38d6ce.pdf,Landslide,122,"ct ප්‍රා.ලේ. ලකා gpuNjr nra.gp DS Division පවුේ ස්ත්‍ංඛ්‍යාව FLk;gq;fs; Families පුද්ගලයින් egHfs; People පූර්ණ හානි KOik Fully අර්ධ හානි gFjpasT Partially කුඩා හා මධය පරිමාණ වයාපාරික ස්ත්‍රථාන சிறிய, நடுத்தர, நிறுவனங்களின் சேதங்கள்; Small, Medium, Enterprises Damages ඉතා වැදගත් යටිතල පහසුකම් වලට වූ හානි mbg;gilf; fl;likg;Gf;fs; Damages to critical Infrastructure ආරක්ිත ස්ත්‍රථාන ස්ත්‍ංඛ්‍යාව vz;zpf;i f No. of Safety Locations පවුේ ස්ත්‍ංඛ්‍යාව FLk;gq;f s; Families පුද්ගලයින් egHfs; Persons 1 බදුල්ල gJs;is Badulla Haldummulla Landslide 2023.03.19 70 240 6 3 37 1 70 240 Safety center at Mahakanda Tea Factory 70 240 0 6 0 3 37 0 0 1 70 240 70 240 0 6 0 3 37 0 0 1 70 240 Mahoya 2023.04.12 649 2192 2 Pothuvil 2023.04.17 2639 8926 Lahugala 2023.04.17 143 510 3431 11628 0 0 0 0 2 0 0 0 0 0 3431 11628 0 0 0 0 2 0 0 0 0 0 3 යාපනය aho;g;ghzk; Jaffna Chavakachcheri High wind 2023.04.22 15 50 14 1 2 15 50 0 0 0 0 14 1 2 0 0 0 15 50 0 0 0 0 14 1 2 0 0 0 3516 11918 0 6 0 3 53 1 2 1 70 240 ආපදා කළමනාකරණ මධ්‍යස්ථානය /mdHj;j Kfhikj;Jt epiyak;/ Disaster Management Centre හදිසි ඇමතුම් / njhiyNgrp / Hot Lines: 11"
situation_20230424_1800_e14f1b23.pdf,Landslide,138,"ct ප්‍රා.ලේ. ලකා gpuNjr nra.gp DS Division පවුේ ස්ත්‍ංඛ්‍යාව FLk;gq;fs; Families පුද්ගලයින් egHfs; People පූර්ණ හානි KOik Fully අර්ධ හානි gFjpasT Partially කුඩා හා මධය පරිමාණ වයාපාරික ස්ත්‍රථාන சிறிய, நடுத்தர, நிறுவனங்களின் சேதங்கள்; Small, Medium, Enterprises Damages ඉතා වැදගත් යටිතල පහසුකම් වලට වූ හානි mbg;gilf; fl;likg;Gf;fs; Damages to critical Infrastructure ආරක්ිත ස්ත්‍රථාන ස්ත්‍ංඛ්‍යාව vz;zpf;i f No. of Safety Locations පවුේ ස්ත්‍ංඛ්‍යාව FLk;gq;f s; Families පුද්ගලයින් egHfs; Persons 1 බදුල්ල gJs;is Badulla Haldummulla Landslide 2023.03.19 70 240 6 3 37 1 70 240 Safety center at Mahakanda Tea Factory 70 240 0 6 0 3 37 0 0 1 70 240 70 240 0 6 0 3 37 0 0 1 70 240 Mahoya 2023.04.12 649 2192 Pothuvil 2023.04.17 2639 8926 Lahugala 2023.04.17 143 510 3431 11628 0 0 0 0 0 0 0 0 0 0 High wind 2023.04.20/21 5 17 1 Lightning 2023.04.21 1 2 1 Kinniya 344 893 Serwila 1283 4323 Kuchchaveli 1038 3364 2671 8599 0 0 0 0 2 0 0 0 0 0 6172 20467 0 6 0 3 39 0 0 1 70 240 Chavakachcheri High wind 2023.04.22 16 56 15 1 2 Maruthankerny High wind 2023.04.23 1 16 56 0 0 0 0 15 1 3 0 0 0 Oddusuddan High wind 2023.04.21 1 3 1 High wind 2023.04"
situation_20230425_0600_8e45345e.pdf,Landslide,139,"ct ප්‍රා.ලේ. ලකා gpuNjr nra.gp DS Division පවුේ ස්ත්‍ංඛ්‍යාව FLk;gq;fs; Families පුද්ගලයින් egHfs; People පූර්ණ හානි KOik Fully අර්ධ හානි gFjpasT Partially කුඩා හා මධය පරිමාණ වයාපාරික ස්ත්‍රථාන சிறிய, நடுத்தர, நிறுவனங்களின் சேதங்கள்; Small, Medium, Enterprises Damages ඉතා වැදගත් යටිතල පහසුකම් වලට වූ හානි mbg;gilf; fl;likg;Gf;fs; Damages to critical Infrastructure ආරක්ිත ස්ත්‍රථාන ස්ත්‍ංඛ්‍යාව vz;zpf;i f No. of Safety Locations පවුේ ස්ත්‍ංඛ්‍යාව FLk;gq;f s; Families පුද්ගලයින් egHfs; Persons 1 බදුල්ල gJs;is Badulla Haldummulla Landslide 2023.03.19 70 240 6 3 37 1 70 240 Safety center at Mahakanda Tea Factory 70 240 0 6 0 3 37 0 0 1 70 240 70 240 0 6 0 3 37 0 0 1 70 240 Mahoya 2023.04.12 649 2192 Pothuvil 2023.04.17 2639 8926 Lahugala 2023.04.17 143 510 3431 11628 0 0 0 0 0 0 0 0 0 0 High wind 2023.04.20/21 5 17 1 Lightning 2023.04.21 1 2 1 Kinniya 344 893 Serwila 1283 4323 Kuchchaveli 1038 3364 2671 8599 0 0 0 0 2 0 0 0 0 0 6102 20227 0 0 0 0 2 0 0 0 0 0 Chavakachcheri High wind 2023.04.22 16 56 15 1 2 Maruthankerny High wind 2023.04.23 1 16 56 0 0 0 0 15 1 3 0 0 0 Oddusuddan High wind 2023.04.21 1 3 1 High wind 2023.04.21"
situation_20230425_1800_edb700c4.pdf,Landslide,137,"ct ප්‍රා.ලේ. ලකා gpuNjr nra.gp DS Division පවුේ ස්ත්‍ංඛ්‍යාව FLk;gq;fs; Families පුද්ගලයින් egHfs; People පූර්ණ හානි KOik Fully අර්ධ හානි gFjpasT Partially කුඩා හා මධය පරිමාණ වයාපාරික ස්ත්‍රථාන சிறிய, நடுத்தர, நிறுவனங்களின் சேதங்கள்; Small, Medium, Enterprises Damages ඉතා වැදගත් යටිතල පහසුකම් වලට වූ හානි mbg;gilf; fl;likg;Gf;fs; Damages to critical Infrastructure ආරක්ිත ස්ත්‍රථාන ස්ත්‍ංඛ්‍යාව vz;zpf;i f No. of Safety Locations පවුේ ස්ත්‍ංඛ්‍යාව FLk;gq;f s; Families පුද්ගලයින් egHfs; Persons 1 බදුල්ල gJs;is Badulla Haldummulla Landslide 2023.03.19 70 240 6 3 37 1 70 240 Safety center at Mahakanda Tea Factory 70 240 0 6 0 3 37 0 0 1 70 240 70 240 0 6 0 3 37 0 0 1 70 240 Mahoya 2023.04.12 649 2192 Pothuvil 2023.04.17 2639 8926 Lahugala 2023.04.17 143 510 3431 11628 0 0 0 0 0 0 0 0 0 0 Muthur 237 779 Kinniya 344 893 Seruwila 1283 4323 Kuchchaveli 1038 3364 Verugal 19 55 2921 9414 0 0 0 0 0 0 0 0 0 0 6352 21042 0 0 0 0 0 0 0 0 0 0 4 මුලතිව් Ky;iyj;jPT Mulaitivu Udaiyarkaddu South High wind & Rain 2023.04.24 1 6 1 1 6 0 0 0 0 1 0 0 0 0 0 1 6 0 0 0 0 1 0 0 0 0 0 Yatiyantota Lightning 2023.04.24 1 4 1 High Wind 3 10 3 Tree Falle"
situation_20230426_0600_098fe6c2.pdf,Landslide,137,"ct ප්‍රා.ලේ. ලකා gpuNjr nra.gp DS Division පවුේ ස්ත්‍ංඛ්‍යාව FLk;gq;fs; Families පුද්ගලයින් egHfs; People පූර්ණ හානි KOik Fully අර්ධ හානි gFjpasT Partially කුඩා හා මධය පරිමාණ වයාපාරික ස්ත්‍රථාන சிறிய, நடுத்தர, நிறுவனங்களின் சேதங்கள்; Small, Medium, Enterprises Damages ඉතා වැදගත් යටිතල පහසුකම් වලට වූ හානි mbg;gilf; fl;likg;Gf;fs; Damages to critical Infrastructure ආරක්ිත ස්ත්‍රථාන ස්ත්‍ංඛ්‍යාව vz;zpf;i f No. of Safety Locations පවුේ ස්ත්‍ංඛ්‍යාව FLk;gq;f s; Families පුද්ගලයින් egHfs; Persons 1 බදුල්ල gJs;is Badulla Haldummulla Landslide 2023.03.19 70 240 6 3 37 1 70 240 Safety center at Mahakanda Tea Factory 70 240 0 6 0 3 37 0 0 1 70 240 70 240 0 6 0 3 37 0 0 1 70 240 Mahoya 2023.04.12 649 2192 Pothuvil 2023.04.17 2639 8926 Lahugala 2023.04.17 143 510 3431 11628 0 0 0 0 0 0 0 0 0 0 Muthur 237 779 Kinniya 344 893 Seruwila 1283 4323 Kuchchaveli 1038 3364 Verugal 19 55 2921 9414 0 0 0 0 0 0 0 0 0 0 6352 21042 0 0 0 0 0 0 0 0 0 0 4 මුලතිව් Ky;iyj;jPT Mulaitivu Udaiyarkaddu South High wind & Rain 2023.04.24 1 6 1 1 6 0 0 0 0 1 0 0 0 0 0 1 6 0 0 0 0 1 0 0 0 0 0 Yatiyantota Lightning 2023.04.24 1 4 1 High Wind 3 10 3 Tree Falle"
situation_20230426_1800_4d729506.pdf,Landslide,135,"ct ප්‍රා.ලේ. ලකා gpuNjr nra.gp DS Division පවුේ ස්ත්‍ංඛ්‍යාව FLk;gq;fs; Families පුද්ගලයින් egHfs; People පූර්ණ හානි KOik Fully අර්ධ හානි gFjpasT Partially කුඩා හා මධය පරිමාණ වයාපාරික ස්ත්‍රථාන சிறிய, நடுத்தர, நிறுவனங்களின் சேதங்கள்; Small, Medium, Enterprises Damages ඉතා වැදගත් යටිතල පහසුකම් වලට වූ හානි mbg;gilf; fl;likg;Gf;fs; Damages to critical Infrastructure ආරක්ිත ස්ත්‍රථාන ස්ත්‍ංඛ්‍යාව vz;zpf;i f No. of Safety Locations පවුේ ස්ත්‍ංඛ්‍යාව FLk;gq;f s; Families පුද්ගලයින් egHfs; Persons 1 බදුල්ල gJs;is Badulla Haldummulla Landslide 2023.03.19 70 240 6 3 37 1 70 240 Safety center at Mahakanda Tea Factory 70 240 0 6 0 3 37 0 0 1 70 240 70 240 0 6 0 3 37 0 0 1 70 240 Mahoya 2023.04.12 649 2192 Pothuvil 2023.04.17 2639 8926 Lahugala 2023.04.17 143 510 3431 11628 0 0 0 0 0 0 0 0 0 0 Muthur 237 779 Kinniya 344 893 Seruwila 1283 4323 Kuchchaveli 1038 3364 Verugal 19 55 2921 9414 0 0 0 0 0 0 0 0 0 0 6352 21042 0 0 0 0 0 0 0 0 0 0 4 මුලතිව් Ky;iyj;jPT Mulaitivu Udaiyarkaddu South High wind & Rain 2023.04.24 1 6 1 1 6 0 0 0 0 1 0 0 0 0 0 5 මන්නාරම kd;dhH Mannar Madhu High Wind 2023.04.13 2 6 1 2 6 0 0 0 0 1 0 0 0 0 0"
situation_20230427_0600_4534ed70.pdf,Landslide,135,"ct ප්‍රා.ලේ. ලකා gpuNjr nra.gp DS Division පවුේ ස්ත්‍ංඛ්‍යාව FLk;gq;fs; Families පුද්ගලයින් egHfs; People පූර්ණ හානි KOik Fully අර්ධ හානි gFjpasT Partially කුඩා හා මධය පරිමාණ වයාපාරික ස්ත්‍රථාන சிறிய, நடுத்தர, நிறுவனங்களின் சேதங்கள்; Small, Medium, Enterprises Damages ඉතා වැදගත් යටිතල පහසුකම් වලට වූ හානි mbg;gilf; fl;likg;Gf;fs; Damages to critical Infrastructure ආරක්ිත ස්ත්‍රථාන ස්ත්‍ංඛ්‍යාව vz;zpf;i f No. of Safety Locations පවුේ ස්ත්‍ංඛ්‍යාව FLk;gq;f s; Families පුද්ගලයින් egHfs; Persons 1 බදුල්ල gJs;is Badulla Haldummulla Landslide 2023.03.19 70 240 6 3 37 1 70 240 Safety center at Mahakanda Tea Factory 70 240 0 6 0 3 37 0 0 1 70 240 70 240 0 6 0 3 37 0 0 1 70 240 Mahoya 2023.04.12 649 2192 Pothuvil 2023.04.17 2639 8926 Lahugala 2023.04.17 143 510 3431 11628 0 0 0 0 0 0 0 0 0 0 Muthur 237 779 Kinniya 344 893 Seruwila 1283 4323 Kuchchaveli 1038 3364 Verugal 19 55 2921 9414 0 0 0 0 0 0 0 0 0 0 6352 21042 0 0 0 0 0 0 0 0 0 0 4 මුලතිව් Ky;iyj;jPT Mulaitivu Udaiyarkaddu South High wind & Rain 2023.04.24 1 6 1 1 6 0 0 0 0 1 0 0 0 0 0 5 මන්නාරම kd;dhH Mannar Madhu High Wind 2023.04.13 2 6 1 2 6 0 0 0 0 1 0 0 0 0 0"
situation_20230427_1800_d9c6f5b0.pdf,Landslide,147,"ct ප්‍රා.ලේ. ලකා gpuNjr nra.gp DS Division පවුේ ස්ත්‍ංඛ්‍යාව FLk;gq;fs; Families පුද්ගලයින් egHfs; People පූර්ණ හානි KOik Fully අර්ධ හානි gFjpasT Partially කුඩා හා මධය පරිමාණ වයාපාරික ස්ත්‍රථාන சிறிய, நடுத்தர, நிறுவனங்களின் சேதங்கள்; Small, Medium, Enterprises Damages ඉතා වැදගත් යටිතල පහසුකම් වලට වූ හානි mbg;gilf; fl;likg;Gf;fs; Damages to critical Infrastructure ආරක්ිත ස්ත්‍රථාන ස්ත්‍ංඛ්‍යාව vz;zpf;i f No. of Safety Locations පවුේ ස්ත්‍ංඛ්‍යාව FLk;gq;f s; Families පුද්ගලයින් egHfs; Persons 1 බදුල්ල gJs;is Badulla Haldummulla Landslide 2023.03.19 70 240 6 3 37 1 70 240 Safety center at Mahakanda Tea Factory 70 240 0 6 0 3 37 0 0 1 70 240 70 240 0 6 0 3 37 0 0 1 70 240 Mahoya 2023.04.12 649 2192 Pothuvil 2023.04.17 2639 8926 Lahugala 2023.04.17 143 510 3431 11628 0 0 0 0 0 0 0 0 0 0 Muthur 237 779 Kinniya 344 893 Seruwila 1283 4323 Kuchchaveli 1038 3364 Verugal 19 55 2921 9414 0 0 0 0 0 0 0 0 0 0 6352 21042 0 0 0 0 0 0 0 0 0 0 High Wind 2023.04.24 1 1 1 Lightning 2023.04.25 1 3 1 2 4 1 0 0 0 1 0 0 0 0 0 2 4 1 0 0 0 1 0 0 0 0 0 Dehiowita Tree Fallen 2023.04.26 2 8 2 Bulathkohupitiya High Wind 2023.04.25 2 11 2 1 High Wind 20"
situation_20230428_0600_fa745f40.pdf,Landslide,147,"ct ප්‍රා.ලේ. ලකා gpuNjr nra.gp DS Division පවුේ ස්ත්‍ංඛ්‍යාව FLk;gq;fs; Families පුද්ගලයින් egHfs; People පූර්ණ හානි KOik Fully අර්ධ හානි gFjpasT Partially කුඩා හා මධය පරිමාණ වයාපාරික ස්ත්‍රථාන சிறிய, நடுத்தர, நிறுவனங்களின் சேதங்கள்; Small, Medium, Enterprises Damages ඉතා වැදගත් යටිතල පහසුකම් වලට වූ හානි mbg;gilf; fl;likg;Gf;fs; Damages to critical Infrastructure ආරක්ිත ස්ත්‍රථාන ස්ත්‍ංඛ්‍යාව vz;zpf;i f No. of Safety Locations පවුේ ස්ත්‍ංඛ්‍යාව FLk;gq;f s; Families පුද්ගලයින් egHfs; Persons 1 බදුල්ල gJs;is Badulla Haldummulla Landslide 2023.03.19 70 240 6 3 37 1 70 240 Safety center at Mahakanda Tea Factory 70 240 0 6 0 3 37 0 0 1 70 240 70 240 0 6 0 3 37 0 0 1 70 240 Mahoya 2023.04.12 649 2192 Pothuvil 2023.04.17 2639 8926 Lahugala 2023.04.17 143 510 3431 11628 0 0 0 0 0 0 0 0 0 0 Muthur 237 779 Kinniya 344 893 Seruwila 1283 4323 Kuchchaveli 1038 3364 Verugal 19 55 2921 9414 0 0 0 0 0 0 0 0 0 0 6352 21042 0 0 0 0 0 0 0 0 0 0 High Wind 2023.04.24 1 1 1 Lightning 2023.04.25 1 3 1 2 4 1 0 0 0 1 0 0 0 0 0 2 4 1 0 0 0 1 0 0 0 0 0 Dehiowita Tree Fallen 2023.04.26 2 8 2 Bulathkohupitiya High Wind 2023.04.25 2 11 2 1 High Wind 20"
situation_20230428_1800_7f937be8.pdf,Landslide,142,"ct ප්‍රා.ලේ. ලකා gpuNjr nra.gp DS Division පවුේ ස්ත්‍ංඛ්‍යාව FLk;gq;fs; Families පුද්ගලයින් egHfs; People පූර්ණ හානි KOik Fully අර්ධ හානි gFjpasT Partially කුඩා හා මධය පරිමාණ වයාපාරික ස්ත්‍රථාන சிறிய, நடுத்தர, நிறுவனங்களின் சேதங்கள்; Small, Medium, Enterprises Damages ඉතා වැදගත් යටිතල පහසුකම් වලට වූ හානි mbg;gilf; fl;likg;Gf;fs; Damages to critical Infrastructure ආරක්ිත ස්ත්‍රථාන ස්ත්‍ංඛ්‍යාව vz;zpf;i f No. of Safety Locations පවුේ ස්ත්‍ංඛ්‍යාව FLk;gq;f s; Families පුද්ගලයින් egHfs; Persons 1 බදුල්ල gJs;is Badulla Haldummulla Landslide 2023.03.19 70 240 6 3 37 1 70 240 Safety center at Mahakanda Tea Factory 70 240 0 6 0 3 37 0 0 1 70 240 70 240 0 6 0 3 37 0 0 1 70 240 Mahoya 2023.04.12 649 2192 Pothuvil 2023.04.17 2639 8926 Lahugala 2023.04.17 143 510 3431 11628 0 0 0 0 0 0 0 0 0 0 Muthur 237 779 Kinniya 344 893 Seruwila 1283 4323 Kuchchaveli 1038 3364 Verugal 19 55 2921 9414 0 0 0 0 0 0 0 0 0 0 6352 21042 0 0 0 0 0 0 0 0 0 0 4 යාපනය aho;g;ghzk; Jaffna Kayts Lightning 2023.04.26 5 19 5 19 0 0 0 0 0 0 0 0 0 0 5 19 0 0 0 0 0 0 0 0 0 0 Dehiowita Cutting Failure 2023.04.27 2 7 2 High Wind 2023.04.25/26 5 15 5 1 Lightning 2023"
situation_20230429_0600_2a803c8f.pdf,Landslide,141,"ct ප්‍රා.ලේ. ලකා gpuNjr nra.gp DS Division පවුේ ස්ත්‍ංඛ්‍යාව FLk;gq;fs; Families පුද්ගලයින් egHfs; People පූර්ණ හානි KOik Fully අර්ධ හානි gFjpasT Partially කුඩා හා මධය පරිමාණ වයාපාරික ස්ත්‍රථාන சிறிய, நடுத்தர, நிறுவனங்களின் சேதங்கள்; Small, Medium, Enterprises Damages ඉතා වැදගත් යටිතල පහසුකම් වලට වූ හානි mbg;gilf; fl;likg;Gf;fs; Damages to critical Infrastructure ආරක්ිත ස්ත්‍රථාන ස්ත්‍ංඛ්‍යාව vz;zpf;i f No. of Safety Locations පවුේ ස්ත්‍ංඛ්‍යාව FLk;gq;f s; Families පුද්ගලයින් egHfs; Persons 1 බදුල්ල gJs;is Badulla Haldummulla Landslide 2023.03.19 70 240 6 3 37 1 70 240 Safety center at Mahakanda Tea Factory 70 240 0 6 0 3 37 0 0 1 70 240 70 240 0 6 0 3 37 0 0 1 70 240 Mahoya 2023.04.12 649 2192 Pothuvil 2023.04.17 2639 8926 Lahugala 2023.04.17 143 510 3431 11628 0 0 0 0 0 0 0 0 0 0 Muthur 237 779 Kinniya 344 893 Seruwila 1283 4323 Kuchchaveli 1038 3364 Verugal 19 55 2921 9414 0 0 0 0 0 0 0 0 0 0 6352 21042 0 0 0 0 0 0 0 0 0 0 4 යාපනය aho;g;ghzk; Jaffna Kayts Lightning 2023.04.26 5 19 5 19 0 0 0 0 0 0 0 0 0 0 5 මුලතිව් Ky;iyj;jPT Mulaitivu Puthukudiyiruppu Lightning 2023.04.21 1 6 1 1 1 6 0 1 0 0 1 0 0 0 0 0 6 25 0 1 0 0"
situation_20230430_1800_8a80c13c.pdf,Landslide,91,"ct ප්‍රා.ලේ. ලකා gpuNjr nra.gp DS Division පවුේ ස්ත්‍ංඛ්‍යාව FLk;gq;fs; Families පුද්ගලයින් egHfs; People පූර්ණ හානි KOik Fully අර්ධ හානි gFjpasT Partially කුඩා හා මධය පරිමාණ වයාපාරික ස්ත්‍රථාන சிறிய, நடுத்தர, நிறுவனங்களின் சேதங்கள்; Small, Medium, Enterprises Damages ඉතා වැදගත් යටිතල පහසුකම් වලට වූ හානි mbg;gilf; fl;likg;Gf;fs; Damages to critical Infrastructure ආරක්ිත ස්ත්‍රථාන ස්ත්‍ංඛ්‍යාව vz;zpf;i f No. of Safety Locations පවුේ ස්ත්‍ංඛ්‍යාව FLk;gq;f s; Families පුද්ගලයින් egHfs; Persons 1 බදුල්ල gJs;is Badulla Haldummulla Landslide 2023.03.19 70 240 6 3 37 1 70 240 Safety center at Mahakanda Tea Factory 70 240 0 6 0 3 37 0 0 1 70 240 70 240 0 6 0 3 37 0 0 1 70 240 Mahoya 2023.04.12 649 2192 Pothuvil 2023.04.17 2639 8926 Lahugala 2023.04.17 143 510 3431 11628 0 0 0 0 0 0 0 0 0 0 3431 11628 0 0 0 0 0 0 0 0 0 0 3501 11868 0 6 0 3 37 0 0 1 70 240 ආපදා කළමනාකරණ මධ්‍යස්ථානය /mdHj;j Kfhikj;Jt epiyak;/ Disaster Management Centre හදිසි ඇමතුම් / njhiyNgrp / Hot Lines: 117, 0112670002, 0112136136 ෆැක්ස්/ njhiy efy; / Fax: 0112670079 විදුත් තැපැල් / kpd;dQ;ry; / Email: eocdmc@gm"
situation_20230501_0600_7bc5a844.pdf,Landslide,91,"ct ප්‍රා.ලේ. ලකා gpuNjr nra.gp DS Division පවුේ ස්ත්‍ංඛ්‍යාව FLk;gq;fs; Families පුද්ගලයින් egHfs; People පූර්ණ හානි KOik Fully අර්ධ හානි gFjpasT Partially කුඩා හා මධය පරිමාණ වයාපාරික ස්ත්‍රථාන சிறிய, நடுத்தர, நிறுவனங்களின் சேதங்கள்; Small, Medium, Enterprises Damages ඉතා වැදගත් යටිතල පහසුකම් වලට වූ හානි mbg;gilf; fl;likg;Gf;fs; Damages to critical Infrastructure ආරක්ිත ස්ත්‍රථාන ස්ත්‍ංඛ්‍යාව vz;zpf;i f No. of Safety Locations පවුේ ස්ත්‍ංඛ්‍යාව FLk;gq;f s; Families පුද්ගලයින් egHfs; Persons 1 බදුල්ල gJs;is Badulla Haldummulla Landslide 2023.03.19 70 240 6 3 37 1 70 240 Safety center at Mahakanda Tea Factory 70 240 0 6 0 3 37 0 0 1 70 240 70 240 0 6 0 3 37 0 0 1 70 240 Mahoya 2023.04.12 649 2192 Pothuvil 2023.04.17 2639 8926 Lahugala 2023.04.17 143 510 3431 11628 0 0 0 0 0 0 0 0 0 0 3431 11628 0 0 0 0 0 0 0 0 0 0 3501 11868 0 6 0 3 37 0 0 1 70 240 ආපදා කළමනාකරණ මධ්‍යස්ථානය /mdHj;j Kfhikj;Jt epiyak;/ Disaster Management Centre හදිසි ඇමතුම් / njhiyNgrp / Hot Lines: 117, 0112670002, 0112136136 ෆැක්ස්/ njhiy efy; / Fax: 0112670079 විදුත් තැපැල් / kpd;dQ;ry; / Email: eocdmc@gm"
situation_20230501_1800_e265f158.pdf,Landslide,91,"ct ප්‍රා.ලේ. ලකා gpuNjr nra.gp DS Division පවුේ ස්ත්‍ංඛ්‍යාව FLk;gq;fs; Families පුද්ගලයින් egHfs; People පූර්ණ හානි KOik Fully අර්ධ හානි gFjpasT Partially කුඩා හා මධය පරිමාණ වයාපාරික ස්ත්‍රථාන சிறிய, நடுத்தர, நிறுவனங்களின் சேதங்கள்; Small, Medium, Enterprises Damages ඉතා වැදගත් යටිතල පහසුකම් වලට වූ හානි mbg;gilf; fl;likg;Gf;fs; Damages to critical Infrastructure ආරක්ිත ස්ත්‍රථාන ස්ත්‍ංඛ්‍යාව vz;zpf;i f No. of Safety Locations පවුේ ස්ත්‍ංඛ්‍යාව FLk;gq;f s; Families පුද්ගලයින් egHfs; Persons 1 බදුල්ල gJs;is Badulla Haldummulla Landslide 2023.03.19 70 240 6 3 37 1 70 240 Safety center at Mahakanda Tea Factory 70 240 0 6 0 3 37 0 0 1 70 240 70 240 0 6 0 3 37 0 0 1 70 240 Mahoya 2023.04.12 649 2192 Pothuvil 2023.04.17 2639 8926 Lahugala 2023.04.17 143 510 3431 11628 0 0 0 0 0 0 0 0 0 0 3431 11628 0 0 0 0 0 0 0 0 0 0 3501 11868 0 6 0 3 37 0 0 1 70 240 ආපදා කළමනාකරණ මධ්‍යස්ථානය /mdHj;j Kfhikj;Jt epiyak;/ Disaster Management Centre හදිසි ඇමතුම් / njhiyNgrp / Hot Lines: 117, 0112670002, 0112136136 ෆැක්ස්/ njhiy efy; / Fax: 0112670079 විදුත් තැපැල් / kpd;dQ;ry; / Email: eocdmc@gm"
situation_20230502_0600_5e93f889.pdf,Landslide,91,"ct ප්‍රා.ලේ. ලකා gpuNjr nra.gp DS Division පවුේ ස්ත්‍ංඛ්‍යාව FLk;gq;fs; Families පුද්ගලයින් egHfs; People පූර්ණ හානි KOik Fully අර්ධ හානි gFjpasT Partially කුඩා හා මධය පරිමාණ වයාපාරික ස්ත්‍රථාන சிறிய, நடுத்தர, நிறுவனங்களின் சேதங்கள்; Small, Medium, Enterprises Damages ඉතා වැදගත් යටිතල පහසුකම් වලට වූ හානි mbg;gilf; fl;likg;Gf;fs; Damages to critical Infrastructure ආරක්ිත ස්ත්‍රථාන ස්ත්‍ංඛ්‍යාව vz;zpf;i f No. of Safety Locations පවුේ ස්ත්‍ංඛ්‍යාව FLk;gq;f s; Families පුද්ගලයින් egHfs; Persons 1 බදුල්ල gJs;is Badulla Haldummulla Landslide 2023.03.19 70 240 6 3 37 1 70 240 Safety center at Mahakanda Tea Factory 70 240 0 6 0 3 37 0 0 1 70 240 70 240 0 6 0 3 37 0 0 1 70 240 Mahoya 2023.04.12 649 2192 Pothuvil 2023.04.17 2639 8926 Lahugala 2023.04.17 143 510 3431 11628 0 0 0 0 0 0 0 0 0 0 3431 11628 0 0 0 0 0 0 0 0 0 0 3501 11868 0 6 0 3 37 0 0 1 70 240 ආපදා කළමනාකරණ මධ්‍යස්ථානය /mdHj;j Kfhikj;Jt epiyak;/ Disaster Management Centre හදිසි ඇමතුම් / njhiyNgrp / Hot Lines: 117, 0112670002, 0112136136 ෆැක්ස්/ njhiy efy; / Fax: 0112670079 විදුත් තැපැල් / kpd;dQ;ry; / Email: eocdmc@gm"
situation_20230502_1800_5b13c8ca.pdf,Landslide,148,"ct ප්‍රා.ලේ. ලකා gpuNjr nra.gp DS Division පවුේ ස්ත්‍ංඛ්‍යාව FLk;gq;fs; Families පුද්ගලයින් egHfs; People පූර්ණ හානි KOik Fully අර්ධ හානි gFjpasT Partially කුඩා හා මධය පරිමාණ වයාපාරික ස්ත්‍රථාන சிறிய, நடுத்தர, நிறுவனங்களின் சேதங்கள்; Small, Medium, Enterprises Damages ඉතා වැදගත් යටිතල පහසුකම් වලට වූ හානි mbg;gilf; fl;likg;Gf;fs; Damages to critical Infrastructure ආරක්ිත ස්ත්‍රථාන ස්ත්‍ංඛ්‍යාව vz;zpf;i f No. of Safety Locations පවුේ ස්ත්‍ංඛ්‍යාව FLk;gq;f s; Families පුද්ගලයින් egHfs; Persons 1 බදුල්ල gJs;is Badulla Haldummulla Landslide 2023.03.19 70 240 6 3 37 1 70 240 Safety center at Mahakanda Tea Factory 70 240 0 6 0 3 37 0 0 1 70 240 70 240 0 6 0 3 37 0 0 1 70 240 2 ත්‍රීකුණාමලය jp.kiy Trincomalee Seruwila High Wind 2023.05.01 1 4 1 1 4 0 0 0 0 1 0 0 0 0 0 1 4 0 0 0 0 1 0 0 0 0 0 3 රත්නපුර ,uj;jpdGhp Rathnapura Godakawela High Wind 2023.05.02 1 4 1 1 4 0 0 0 0 1 0 0 0 0 0 1 4 0 0 0 0 1 0 0 0 0 0 4 යාපනය aho;g;ghzk; Jaffna Kopay Fire 2023.05.02 1 4 1 1 4 0 0 0 0 1 0 0 0 0 0 Muthuthuvinayagapuram 1 3 1 Pandaravanni 1 2 2 2 5 0 0 0 0 3 0 0 0 0 0 3 9 0 0 0 0 4 0 0 0 0 0 6 ක ාළඹ nfhOk"
situation_20230503_0600_8c529f33.pdf,Landslide,148,"ct ප්‍රා.ලේ. ලකා gpuNjr nra.gp DS Division පවුේ ස්ත්‍ංඛ්‍යාව FLk;gq;fs; Families පුද්ගලයින් egHfs; People පූර්ණ හානි KOik Fully අර්ධ හානි gFjpasT Partially කුඩා හා මධය පරිමාණ වයාපාරික ස්ත්‍රථාන சிறிய, நடுத்தர, நிறுவனங்களின் சேதங்கள்; Small, Medium, Enterprises Damages ඉතා වැදගත් යටිතල පහසුකම් වලට වූ හානි mbg;gilf; fl;likg;Gf;fs; Damages to critical Infrastructure ආරක්ිත ස්ත්‍රථාන ස්ත්‍ංඛ්‍යාව vz;zpf;i f No. of Safety Locations පවුේ ස්ත්‍ංඛ්‍යාව FLk;gq;f s; Families පුද්ගලයින් egHfs; Persons 1 බදුල්ල gJs;is Badulla Haldummulla Landslide 2023.03.19 70 240 6 3 37 1 70 240 Safety center at Mahakanda Tea Factory 70 240 0 6 0 3 37 0 0 1 70 240 70 240 0 6 0 3 37 0 0 1 70 240 2 ත්‍රීකුණාමලය jp.kiy Trincomalee Seruwila High Wind 2023.05.01 1 4 1 1 4 0 0 0 0 1 0 0 0 0 0 1 4 0 0 0 0 1 0 0 0 0 0 3 රත්නපුර ,uj;jpdGhp Rathnapura Godakawela High Wind 2023.05.02 1 4 1 1 4 0 0 0 0 1 0 0 0 0 0 1 4 0 0 0 0 1 0 0 0 0 0 4 යාපනය aho;g;ghzk; Jaffna Kopay Fire 2023.05.02 1 4 1 1 4 0 0 0 0 1 0 0 0 0 0 Muthuthuvinayagapuram 1 3 1 Pandaravanni 1 2 2 2 5 0 0 0 0 3 0 0 0 0 0 3 9 0 0 0 0 4 0 0 0 0 0 6 ක ාළඹ nfhOk"
situation_20230503_1800_9f6df2cc.pdf,Landslide,121,"දිස්ත්‍රික්කය மாவட்டம் District ප්‍රා.ලේ. ලකා gpuNjr nra.gp DS Division පවුේ ස්ත්‍ංඛ්‍යාව FLk;gq;fs; Families පුද්ගලයින් egHfs; People පූර්ණ හානි KOik Fully අර්ධ හානි gFjpasT Partially කුඩා හා මධය පරිමාණ වයාපාරික ස්ත්‍රථාන சிறிய, நடுத்தர, நிறுவனங்களின் சேதங்கள்; Small, Medium, Enterprises Damages ඉතා වැදගත් යටිතල පහසුකම් වලට වූ හානි mbg;gilf; fl;likg;Gf;fs; Damages to critical Infrastructure ආරක්ිත ස්ත්‍රථාන ස්ත්‍ංඛ්‍යාව vz;zpf;i f No. of Safety Locations පවුේ ස්ත්‍ංඛ්‍යාව FLk;gq;f s; Families පුද්ගලයින් egHfs; Persons Haldummulla Landslide 2023.03.19 71 242 6 3 37 1 71 242 Safety center at Mahakanda Tea Factory Ridimaliyadda High Wind 2023.05.02 1 4 1 Passara Cutting Failure 2023.05.03 1 4 1 73 250 0 6 0 3 39 0 0 1 71 242 73 250 0 6 0 3 39 0 0 1 71 242 2 ත්‍රීකුණාමලය jp.kiy Trincomalee Seruwila High Wind 2023.05.01 1 4 1 1 4 0 0 0 0 1 0 0 0 0 0 1 4 0 0 0 0 1 0 0 0 0 0 3 රත්නපුර ,uj;jpdGhp Rathnapura Godakawela High Wind 2023.05.02 1 4 1 1 4 0 0 0 0 1 0 0 0 0 0 Deraniyagala Lightning 2023.05.01 2 9 2 Lightning 2023.05.02 1 4 1 High Wind 2023.05.02 1 5 1 Aranayake Tree Fallen 2023.05.03 1 4 1 Kegalle Tre"
situation_20230504_1800_c3aabcd4.pdf,Landslide,129,"දිස්ත්‍රික්කය மாவட்டம் District ප්‍රා.ලේ. ලකා gpuNjr nra.gp DS Division පවුේ ස්ත්‍ංඛ්‍යාව FLk;gq;fs; Families පුද්ගලයින් egHfs; People පූර්ණ හානි KOik Fully අර්ධ හානි gFjpasT Partially කුඩා හා මධය පරිමාණ වයාපාරික ස්ත්‍රථාන சிறிய, நடுத்தர, நிறுவனங்களின் சேதங்கள்; Small, Medium, Enterprises Damages ඉතා වැදගත් යටිතල පහසුකම් වලට වූ හානි mbg;gilf; fl;likg;Gf;fs; Damages to critical Infrastructure ආරක්ිත ස්ත්‍රථාන ස්ත්‍ංඛ්‍යාව vz;zpf;i f No. of Safety Locations පවුේ ස්ත්‍ංඛ්‍යාව FLk;gq;f s; Families පුද්ගලයින් egHfs; Persons Haldummulla Landslide 2023.03.19 71 242 6 3 37 1 71 242 Safety center at Mahakanda Tea Factory Ridimaliyadda High Wind 2023.05.02 1 4 1 Passara Cutting Failure 2023.05.03 1 4 1 73 250 0 6 0 3 39 0 0 1 71 242 73 250 0 6 0 3 39 0 0 1 71 242 2 ත්‍රීකුණාමලය jp.kiy Trincomalee Seruwila High Wind 2023.05.01 1 4 1 1 4 0 0 0 0 1 0 0 0 0 0 1 4 0 0 0 0 1 0 0 0 0 0 High Wind 2023.05.02 1 4 1 High Wind 2023.05.04 1 3 1 Weligepola Heavy Rain & High Wind 2023.05.04 1 3 1 3 10 0 0 0 0 3 0 0 0 0 0 Deraniyagala Lightning 2023.05.01 2 9 2 Lightning 2023.05.02 1 4 1 High Wind 2023.05.02 1 5 1 Aranayake Tree Fallen 2023.05.03"
situation_20230505_0600_63dacacf.pdf,Landslide,129,"දිස්ත්‍රික්කය மாவட்டம் District ප්‍රා.ලේ. ලකා gpuNjr nra.gp DS Division පවුේ ස්ත්‍ංඛ්‍යාව FLk;gq;fs; Families පුද්ගලයින් egHfs; People පූර්ණ හානි KOik Fully අර්ධ හානි gFjpasT Partially කුඩා හා මධය පරිමාණ වයාපාරික ස්ත්‍රථාන சிறிய, நடுத்தர, நிறுவனங்களின் சேதங்கள்; Small, Medium, Enterprises Damages ඉතා වැදගත් යටිතල පහසුකම් වලට වූ හානි mbg;gilf; fl;likg;Gf;fs; Damages to critical Infrastructure ආරක්ිත ස්ත්‍රථාන ස්ත්‍ංඛ්‍යාව vz;zpf;i f No. of Safety Locations පවුේ ස්ත්‍ංඛ්‍යාව FLk;gq;f s; Families පුද්ගලයින් egHfs; Persons Haldummulla Landslide 2023.03.19 71 242 6 3 37 1 71 242 Safety center at Mahakanda Tea Factory Ridimaliyadda High Wind 2023.05.02 1 4 1 Passara Cutting Failure 2023.05.03 1 4 1 73 250 0 6 0 3 39 0 0 1 71 242 73 250 0 6 0 3 39 0 0 1 71 242 2 ත්‍රීකුණාමලය jp.kiy Trincomalee Seruwila High Wind 2023.05.01 1 4 1 1 4 0 0 0 0 1 0 0 0 0 0 1 4 0 0 0 0 1 0 0 0 0 0 High Wind 2023.05.02 1 4 1 High Wind 2023.05.04 1 3 1 Weligepola Heavy Rain & High Wind 2023.05.04 1 3 1 3 10 0 0 0 0 3 0 0 0 0 0 Deraniyagala Lightning 2023.05.01 2 9 2 Lightning 2023.05.02 1 4 1 High Wind 2023.05.02 1 5 1 Aranayake Tree Fallen 2023.05.03"
situation_20230505_1800_52e05cc8.pdf,Landslide,207,වැදගත් යටිතල පහසුකම් වලට වූ හානි mbg;gilf; fl;likg;Gf;fs; Damages to critical Infrastructure ආරක්ිත ස්ත්‍රථාන ස්ත්‍ංඛ්‍යාව vz;zpf;i f No. of Safety Locations පවුේ ස්ත්‍ංඛ්‍යාව FLk;gq;f s; Families පුද්ගලයින් egHfs; Persons 1 ක ොළඹ nfhOk;G Colombo Sri Jayawardhanapura Heavy Rain & High Wind 2023.05.04 1 4 1 1 1 4 0 0 0 0 1 0 1 0 0 0 Bandaragama 1 6 Walallawita 1 4 Ingiriya 2 5 2 Kalutara 12 44 12 Millaniya 5 17 21 76 0 0 0 0 14 0 0 0 0 0 Negombo 2023.05.04 1176 4887 Katana 2023.05.05 870 3630 2046 8517 0 0 0 0 0 0 0 0 0 0 2068 8597 0 0 0 0 15 0 1 0 0 0 Haldummulla Landslide 2023.03.19 71 242 6 3 37 1 71 242 Safety center at Mahakanda Tea Factory Ridimaliyadda High Wind 2023.05.02 1 4 1 Passara Cutting Failure 2023.05.03 1 4 1 73 250 0 6 0 3 39 0 0 1 71 242 73 250 0 6 0 3 39 0 0 1 71 242 5 ත්‍රීකුණොමලය jp.kiy Trincomalee Seruwila High Wind 2023.05.01 1 4 1 1 4 0 0 0 0 1 0 0 0 0 0 1 4 0 0 0 0 1 0 0 0 0 0 High Wind 2023.05.02 1 4 1 High Wind 2023.05.04 1 3 1 Weligepola Heavy Rain & High Wind 2023.05.04 1 3 1 3 10 0 0 0 0 3 0 0 0 0 0 Deraniyagala Lightning 2023.05.01 2 9 2 Lightning 2023.05.02 1 4 1 High Wind 2023.05.02 1 5 1 Aranayake Tree Fallen 2023.05.03
situation_20230506_0600_aa03a76d.pdf,Landslide,207,වැදගත් යටිතල පහසුකම් වලට වූ හානි mbg;gilf; fl;likg;Gf;fs; Damages to critical Infrastructure ආරක්ිත ස්ත්‍රථාන ස්ත්‍ංඛ්‍යාව vz;zpf;i f No. of Safety Locations පවුේ ස්ත්‍ංඛ්‍යාව FLk;gq;f s; Families පුද්ගලයින් egHfs; Persons 1 ක ොළඹ nfhOk;G Colombo Sri Jayawardhanapura Heavy Rain & High Wind 2023.05.04 1 4 1 1 1 4 0 0 0 0 1 0 1 0 0 0 Bandaragama 1 6 Walallawita 1 4 Ingiriya 2 5 2 Kalutara 12 44 12 Millaniya 5 17 21 76 0 0 0 0 14 0 0 0 0 0 Negombo 2023.05.04 1176 4887 Katana 2023.05.05 870 3630 2046 8517 0 0 0 0 0 0 0 0 0 0 2068 8597 0 0 0 0 15 0 1 0 0 0 Haldummulla Landslide 2023.03.19 71 242 6 3 37 1 71 242 Safety center at Mahakanda Tea Factory Ridimaliyadda High Wind 2023.05.02 1 4 1 Passara Cutting Failure 2023.05.03 1 4 1 73 250 0 6 0 3 39 0 0 1 71 242 73 250 0 6 0 3 39 0 0 1 71 242 5 ත්‍රීකුණොමලය jp.kiy Trincomalee Seruwila High Wind 2023.05.01 1 4 1 1 4 0 0 0 0 1 0 0 0 0 0 1 4 0 0 0 0 1 0 0 0 0 0 High Wind 2023.05.02 1 4 1 High Wind 2023.05.04 1 3 1 Weligepola Heavy Rain & High Wind 2023.05.04 1 3 1 3 10 0 0 0 0 3 0 0 0 0 0 Deraniyagala Lightning 2023.05.01 2 9 2 Lightning 2023.05.02 1 4 1 High Wind 2023.05.02 1 5 1 Aranayake Tree Fallen 2023.05.03
situation_20230507_1800_8f3aef0e.pdf,Landslide,188,"කුඩා හා මධය පරිමාණ වයාපාරික ස්ත්‍රථාන சிறிய, நடுத்தர, நிறுவனங்களின் சேதங்கள்; Small, Medium, Enterprises Damages ඉතා වැදගත් යටිතල පහසුකම් වලට වූ හානි mbg;gilf; fl;likg;Gf;fs; Damages to critical Infrastructure ආරක්ිත ස්ත්‍රථාන ස්ත්‍ංඛ්‍යාව vz;zpf;i f No. of Safety Locations පවුේ ස්ත්‍ංඛ්‍යාව FLk;gq;f s; Families පුද්ගලයින් egHfs; Persons Bandaragama 1 6 Walallawita 1 4 Ingiriya 2 5 2 Kalutara 12 44 12 Millaniya 5 17 21 76 0 0 0 0 14 0 0 0 0 0 Negombo 2023.05.04 765 3276 Katana 2023.05.05 85 498 1 850 3774 1 0 0 0 0 0 0 0 0 0 871 3850 1 0 0 0 14 0 0 0 0 0 Haldummulla Landslide 2023.03.19 71 242 6 3 37 1 71 242 Safety center at Mahakanda Tea Factory Ridimaliyadda High Wind 2023.05.02 1 4 1 Passara Cutting Failure 2023.05.03 1 4 1 73 250 0 6 0 3 39 0 0 1 71 242 73 250 0 6 0 3 39 0 0 1 71 242 4 ත්‍රීකුණාමලය jp.kiy Trincomalee Seruwila High Wind 2023.05.01 1 4 1 1 4 0 0 0 0 1 0 0 0 0 0 1 4 0 0 0 0 1 0 0 0 0 0 High Wind 2023.05.02 1 4 1 High Wind 2023.05.04 1 3 1 Weligepola Heavy Rain & High Wind 2023.05.04 1 3 1 3 10 0 0 0 0 3 0 0 0 0 0 Deraniyagala Lightning 2023.05.01 2 9 2 Lightning 2023.05.02 1 4 1 High Wind 2023.05.02 1 5 1 Aranayake Tree Fallen 2023.05.03"
situation_20230508_0600_ada7a333.pdf,Landslide,188,"කුඩා හා මධය පරිමාණ වයාපාරික ස්ත්‍රථාන சிறிய, நடுத்தர, நிறுவனங்களின் சேதங்கள்; Small, Medium, Enterprises Damages ඉතා වැදගත් යටිතල පහසුකම් වලට වූ හානි mbg;gilf; fl;likg;Gf;fs; Damages to critical Infrastructure ආරක්ිත ස්ත්‍රථාන ස්ත්‍ංඛ්‍යාව vz;zpf;i f No. of Safety Locations පවුේ ස්ත්‍ංඛ්‍යාව FLk;gq;f s; Families පුද්ගලයින් egHfs; Persons Bandaragama 1 6 Walallawita 1 4 Ingiriya 2 5 2 Kalutara 12 44 12 Millaniya 5 17 21 76 0 0 0 0 14 0 0 0 0 0 Negombo 2023.05.04 765 3276 Katana 2023.05.05 85 498 1 850 3774 1 0 0 0 0 0 0 0 0 0 871 3850 1 0 0 0 14 0 0 0 0 0 Haldummulla Landslide 2023.03.19 71 242 6 3 37 1 71 242 Safety center at Mahakanda Tea Factory Ridimaliyadda High Wind 2023.05.02 1 4 1 Passara Cutting Failure 2023.05.03 1 4 1 73 250 0 6 0 3 39 0 0 1 71 242 73 250 0 6 0 3 39 0 0 1 71 242 4 ත්‍රීකුණාමලය jp.kiy Trincomalee Seruwila High Wind 2023.05.01 1 4 1 1 4 0 0 0 0 1 0 0 0 0 0 1 4 0 0 0 0 1 0 0 0 0 0 High Wind 2023.05.02 1 4 1 High Wind 2023.05.04 1 3 1 Weligepola Heavy Rain & High Wind 2023.05.04 1 3 1 3 10 0 0 0 0 3 0 0 0 0 0 Deraniyagala Lightning 2023.05.01 2 9 2 Lightning 2023.05.02 1 4 1 High Wind 2023.05.02 1 5 1 Aranayake Tree Fallen 2023.05.03"
situation_20230508_1800_c4daf8e9.pdf,Landslide,167,"Partially කුඩා හා මධය පරිමාණ වයාපාරික ස්ත්‍රථාන சிறிய, நடுத்தர, நிறுவனங்களின் சேதங்கள்; Small, Medium, Enterprises Damages ඉතා වැදගත් යටිතල පහසුකම් වලට වූ හානි mbg;gilf; fl;likg;Gf;fs; Damages to critical Infrastructure ආරක්ිත ස්ත්‍රථාන ස්ත්‍ංඛ්‍යාව vz;zpf;i f No. of Safety Locations පවුේ ස්ත්‍ංඛ්‍යාව FLk;gq;f s; Families පුද්ගලයින් egHfs; Persons Bandaragama 1 6 Walallawita 1 4 Ingiriya 2 5 2 Kalutara 12 44 12 Millaniya 5 17 21 76 0 0 0 0 14 0 0 0 0 0 Negombo 2023.05.04 765 3276 Katana 2023.05.05 85 498 1 850 3774 1 0 0 0 0 0 0 0 0 0 871 3850 1 0 0 0 14 0 0 0 0 0 Landslide 2023.03.19 71 242 6 3 37 2 1 71 242 Safety center at Mahakanda Tea Factory Cutting Failure 2023.05.04 1 4 1 High Wind 2023.05.02 1 4 1 Heavy Rain 2023.05.04 1 2 1 2023.05.03 1 4 1 2023.05.04 4 15 4 Landslide Risk 2023.05.04 11 41 1 11 41 Bibilegama Child Protection Center Welimada Heavy Rain & Wind 2023.05.04 5 26 5 Badulla Heavy Rain & Wind 2023.05.04 25 87 11 Cutting Failure 2023.05.04 5 14 5 Heavy Rain 2023.05.04 3 20 3 Lightning 2023.05.06 1 4 1 Heavy Rain 2023.05.04 3 14 3 Haputale Cutting Failure 2023.05.04 1 4 1 Soranathota Heavy Rain & Wind 2023.05.04 9 33 9 142 514 0 6 0 3 83 2 0 2"
situation_20230508_1800_c4daf8e9.pdf,Landslide,223,critical Infrastructure ආරක්ිත ස්ත්‍රථාන ස්ත්‍ංඛ්‍යාව vz;zpf;i f No. of Safety Locations පවුේ ස්ත්‍ංඛ්‍යාව FLk;gq;f s; Families පුද්ගලයින් egHfs; Persons Bandaragama 1 6 Walallawita 1 4 Ingiriya 2 5 2 Kalutara 12 44 12 Millaniya 5 17 21 76 0 0 0 0 14 0 0 0 0 0 Negombo 2023.05.04 765 3276 Katana 2023.05.05 85 498 1 850 3774 1 0 0 0 0 0 0 0 0 0 871 3850 1 0 0 0 14 0 0 0 0 0 Landslide 2023.03.19 71 242 6 3 37 2 1 71 242 Safety center at Mahakanda Tea Factory Cutting Failure 2023.05.04 1 4 1 High Wind 2023.05.02 1 4 1 Heavy Rain 2023.05.04 1 2 1 2023.05.03 1 4 1 2023.05.04 4 15 4 Landslide Risk 2023.05.04 11 41 1 11 41 Bibilegama Child Protection Center Welimada Heavy Rain & Wind 2023.05.04 5 26 5 Badulla Heavy Rain & Wind 2023.05.04 25 87 11 Cutting Failure 2023.05.04 5 14 5 Heavy Rain 2023.05.04 3 20 3 Lightning 2023.05.06 1 4 1 Heavy Rain 2023.05.04 3 14 3 Haputale Cutting Failure 2023.05.04 1 4 1 Soranathota Heavy Rain & Wind 2023.05.04 9 33 9 142 514 0 6 0 3 83 2 0 2 82 283 142 514 0 6 0 3 83 2 0 2 82 283 Seruwila 2023.05.01 1 4 1 Muthur 2023.05.06 1 4 1 Kinniya 2023.05.07 1 4 1 3 12 0 0 0 0 3 0 0 0 0 0 3 12 0 0 0 0 3 0 0 0 0 0 දිස්ත්‍රික් එකතුව khtl;l $l;Lj;njhif Distric
situation_20230509_0600_9c68e4d2.pdf,Landslide,167,"Partially කුඩා හා මධය පරිමාණ වයාපාරික ස්ත්‍රථාන சிறிய, நடுத்தர, நிறுவனங்களின் சேதங்கள்; Small, Medium, Enterprises Damages ඉතා වැදගත් යටිතල පහසුකම් වලට වූ හානි mbg;gilf; fl;likg;Gf;fs; Damages to critical Infrastructure ආරක්ිත ස්ත්‍රථාන ස්ත්‍ංඛ්‍යාව vz;zpf;i f No. of Safety Locations පවුේ ස්ත්‍ංඛ්‍යාව FLk;gq;f s; Families පුද්ගලයින් egHfs; Persons Bandaragama 1 6 Walallawita 1 4 Ingiriya 2 5 2 Kalutara 12 44 12 Millaniya 5 17 21 76 0 0 0 0 14 0 0 0 0 0 Negombo 2023.05.04 765 3276 Katana 2023.05.05 85 498 1 850 3774 1 0 0 0 0 0 0 0 0 0 871 3850 1 0 0 0 14 0 0 0 0 0 Landslide 2023.03.19 71 242 6 3 37 2 1 71 242 Safety center at Mahakanda Tea Factory Cutting Failure 2023.05.04 1 4 1 High Wind 2023.05.02 1 4 1 Heavy Rain 2023.05.04 1 2 1 2023.05.03 1 4 1 2023.05.04 4 15 4 Landslide Risk 2023.05.04 11 41 1 11 41 Bibilegama Child Protection Center Welimada Heavy Rain & Wind 2023.05.04 5 26 5 Badulla Heavy Rain & Wind 2023.05.04 25 87 11 Cutting Failure 2023.05.04 5 14 5 Heavy Rain 2023.05.04 3 20 3 Lightning 2023.05.06 1 4 1 Heavy Rain 2023.05.04 3 14 3 Haputale Cutting Failure 2023.05.04 1 4 1 Soranathota Heavy Rain & Wind 2023.05.04 9 33 9 142 514 0 6 0 3 83 2 0 2"
situation_20230509_0600_9c68e4d2.pdf,Landslide,223,critical Infrastructure ආරක්ිත ස්ත්‍රථාන ස්ත්‍ංඛ්‍යාව vz;zpf;i f No. of Safety Locations පවුේ ස්ත්‍ංඛ්‍යාව FLk;gq;f s; Families පුද්ගලයින් egHfs; Persons Bandaragama 1 6 Walallawita 1 4 Ingiriya 2 5 2 Kalutara 12 44 12 Millaniya 5 17 21 76 0 0 0 0 14 0 0 0 0 0 Negombo 2023.05.04 765 3276 Katana 2023.05.05 85 498 1 850 3774 1 0 0 0 0 0 0 0 0 0 871 3850 1 0 0 0 14 0 0 0 0 0 Landslide 2023.03.19 71 242 6 3 37 2 1 71 242 Safety center at Mahakanda Tea Factory Cutting Failure 2023.05.04 1 4 1 High Wind 2023.05.02 1 4 1 Heavy Rain 2023.05.04 1 2 1 2023.05.03 1 4 1 2023.05.04 4 15 4 Landslide Risk 2023.05.04 11 41 1 11 41 Bibilegama Child Protection Center Welimada Heavy Rain & Wind 2023.05.04 5 26 5 Badulla Heavy Rain & Wind 2023.05.04 25 87 11 Cutting Failure 2023.05.04 5 14 5 Heavy Rain 2023.05.04 3 20 3 Lightning 2023.05.06 1 4 1 Heavy Rain 2023.05.04 3 14 3 Haputale Cutting Failure 2023.05.04 1 4 1 Soranathota Heavy Rain & Wind 2023.05.04 9 33 9 142 514 0 6 0 3 83 2 0 2 82 283 142 514 0 6 0 3 83 2 0 2 82 283 Seruwila 2023.05.01 1 4 1 Muthur 2023.05.06 1 4 1 Kinniya 2023.05.07 1 4 1 3 12 0 0 0 0 3 0 0 0 0 0 3 12 0 0 0 0 3 0 0 0 0 0 දිස්ත්‍රික් එකතුව khtl;l $l;Lj;njhif Distric
situation_20260221_1000_287006de.pdf,Landslide,75,"60,691 21 Polonnaruwa 0 0 3 0 160 3775 0 0 0 0 0 22 Puttalam 0 0 38 4 652 9530 0 0 0 0 0 23 Ratnapura 10 40 2 0 8 4058 0 0 0 11 45 24 Trincomalee 20 62 0 0 20 1185 0 0 0 20 62 25 Vavuniya 0 0 1 0 15 669 0 0 0 0 0 Total 64901 220044 650 173 6018 108879 41 1150 3401 43,831 149,927 • One safety center was dispest from Badulla District • Some details were adjusted with the details given by District Secretaries on 20.12.2025 (Except deaths & missing) • Affected details are subject to change from time to time due to landslide warnings issued by the NBRO Hiran Tilakaratne Deputy Director/Duty Officer For Director General"
