year,date,line,matched_terms
2018,2018-12-31,Families,families
2018,2018-12-31,People,people
2018,2018-12-31,Safety,"safety, safe"
2018,2018-12-31,Families,families
2018,2018-12-31,Persons,person
2018,2018-12-31,People,people
2018,2018-12-31,miktplk; Safe Location,safe
2018,2018-12-31,People,people
2018,2018-12-31,ghjpf;fg;gl;l Affected,affected
2018,2018-12-31,ආපදා කළමනාකරණ මධ්‍යස්ථානය /mdHj;j Kfhikj;Jt epiyak;/ Disaster Management Centre,centre
2018,2018-08-14,Families,families
2018,2018-08-14,People,people
2018,2018-08-14,Safety,"safety, safe"
2018,2018-08-14,Families,families
2018,2018-08-14,Persons,person
2018,2018-08-14,People,people
2018,2018-08-14,ghjpf;fg;gl;l Affected,affected
2018,2018-08-14,People,people
2018,2018-08-14,miktplk; Safe Location,safe
2018,2018-08-14,ආපදා කළමනාකරණ මධ්‍යස්ථානය /mdHj;j Kfhikj;Jt epiyak;/ Disaster Management Centre,centre
2018,2018-01-02,Families,families
2018,2018-01-02,People,people
2018,2018-01-02,Families,families
2018,2018-01-02,Persons,person
2018,2018-01-02,Safe Location -,safe
2018,2018-01-02,People,people
2018,2018-01-02,ghjpf;fg;gl;l Affected,affected
2018,2018-01-02,miktplk; Safe Location,safe
2018,2018-01-02,People,people
2018,2018-01-02,safe location rthathota,safe
2018,2018-01-02,four families & Dambagolla,families
2018,2018-01-02,Community hall two families,families
2018,2018-01-02,ආපදා කළමනාකරණ මධයස්ථානය /mdHj;j Kfhikj;Jt epiyak;/ Disaster Management Centre,centre
2019,2019-12-31,Families,families
2019,2019-12-31,People,people
2019,2019-12-31,of Safety,"safety, safe"
2019,2019-12-31,Families,families
2019,2019-12-31,Persons,person
2019,2019-12-31,ආපදා කළමනාකරණ මධයස්ථානය /mdHj;j Kfhikj;Jt epiyak;/ Disaster Management Centre,centre
2019,2019-12-31,Childcare centre,centre
2019,2019-12-31,Rockland State Childcare centre,centre
2019,2019-12-31,ghjpf;fg;gl;l Affected,affected
2019,2019-12-31,People,people
2019,2019-12-31,miktplk; Safe Location,safe
2019,2019-12-31,People,people
2019,2019-08-15,Families,families
2019,2019-08-15,People,people
2019,2019-08-15,of Safety,"safety, safe"
2019,2019-08-15,Families,families
2019,2019-08-15,Persons,person
2019,2019-08-15,miktplk; Safe Location,safe
2019,2019-08-15,People,people
2019,2019-08-15,People,people
2019,2019-08-15,ghjpf;fg;gl;l Affected,affected
2019,2019-08-15,ආපද෈ කළමන෈කරණ මධයස෇ථ෈නය /mdHj;j Kfhikj;Jt epiyak;/ Disaster Management Centre,centre
2019,2019-01-01,Families,families
2019,2019-01-01,People,people
2019,2019-01-01,Safety,"safety, safe"
2019,2019-01-01,Families,families
2019,2019-01-01,Persons,person
2019,2019-01-01,People,people
2019,2019-01-01,miktplk; Safe Location,safe
2019,2019-01-01,People,people
2019,2019-01-01,ghjpf;fg;gl;l Affected,affected
2019,2019-01-01,ආපදා කළමනාකරණ මධ්‍යස්ථානය /mdHj;j Kfhikj;Jt epiyak;/ Disaster Management Centre,centre
2020,2020-12-31,Families,families
2020,2020-12-31,People,people
2020,2020-12-31,Safety,"safety, safe"
2020,2020-12-31,Families,families
2020,2020-12-31,Persons,person
2020,2020-12-31,Affected,affected
2020,2020-12-31,People,people
2020,2020-12-31,miktplk; Safe Location,safe
2020,2020-12-31,People,people
2020,2020-12-31,ආපදො කළම ොකරණ මධ්‍යස්ත්‍රථො ය /mdHj;j Kfhikj;Jt epiyak;/ Disaster Management Centre,centre
2020,2020-07-08,Families,families
2020,2020-07-08,People,people
2020,2020-07-08,of Safety,"safety, safe"
2020,2020-07-08,Families,families
2020,2020-07-08,Persons,person
2020,2020-07-08,miktplk; Safe Location,safe
2020,2020-07-08,ghjpf;fg;gl;l Affected,affected
2020,2020-07-08,People,people
2020,2020-07-08,People,people
2020,2020-07-08,ආපදො කළමනොකරණ මධයස්ත්‍රථොනය /mdHj;j Kfhikj;Jt epiyak;/ Disaster Management Centre,centre
2020,2020-01-01,Families,families
2020,2020-01-01,People,people
2020,2020-01-01,of Safety,"safety, safe"
2020,2020-01-01,Families,families
2020,2020-01-01,Persons,person
2020,2020-01-01,ආපදා කළමනාකරණ මධයස්ථානය /mdHj;j Kfhikj;Jt epiyak;/ Disaster Management Centre,centre
2020,2020-01-01,Childcare centre,centre
2020,2020-01-01,Rockland State Childcare centre,centre
2020,2020-01-01,ghjpf;fg;gl;l Affected,affected
2020,2020-01-01,People,people
2020,2020-01-01,miktplk; Safe Location,safe
2020,2020-01-01,People,people
2021,2021-12-31,Families,families
2021,2021-12-31,People,people
2021,2021-12-31,of Safety,"safety, safe"
2021,2021-12-31,Families,families
2021,2021-12-31,Persons,person
2021,2021-12-31,ආපදො කළමනොකරණ මධයස්ථොනය /mdHj;j Kfhikj;Jt epiyak;/ Disaster Management Centre,centre
2021,2021-12-31,ghjpf;fg;gl;l Affected,affected
2021,2021-12-31,People,people
2021,2021-12-31,People,people
2021,2021-12-31,miktplk; Safe Location,safe
2021,2021-08-13,Families,families
2021,2021-08-13,People,people
2021,2021-08-13,of Safety,"safety, safe"
2021,2021-08-13,Families,families
2021,2021-08-13,Persons,person
2021,2021-08-13,54 Deraniyagala cultural centre,centre
2021,2021-08-13,Affected,affected
2021,2021-08-13,People,people
2021,2021-08-13,People,people
2021,2021-08-13,miktplk; Safe Location,safe
2021,2021-08-13,ආපදා කළමනාකරණ මධ්‍යස්ත්‍රථානය /mdHj;j Kfhikj;Jt epiyak;/ Disaster Management Centre,centre
2021,2021-01-01,Families,families
2021,2021-01-01,People,people
2021,2021-01-01,Safety,"safety, safe"
2021,2021-01-01,Families,families
2021,2021-01-01,Persons,person
2021,2021-01-01,Affected,affected
2021,2021-01-01,People,people
2021,2021-01-01,miktplk; Safe Location,safe
2021,2021-01-01,People,people
2021,2021-01-01,ආපදො කළම ොකරණ මධ්‍යස්ත්‍රථො ය /mdHj;j Kfhikj;Jt epiyak;/ Disaster Management Centre,centre
2022,2022-12-31,Families,families
2022,2022-12-31,People,people
2022,2022-12-31,of Safety,"safety, safe"
2022,2022-12-31,Families,families
2022,2022-12-31,Persons,person
2022,2022-12-31,ආපදා කළමනාකරණ මධ්‍යස්ථානය /mdHj;j Kfhikj;Jt epiyak;/ Disaster Management Centre,centre
2022,2022-12-31,miktplk; Safe Location,safe
2022,2022-12-31,ghjpf;fg;gl;l Affected,affected
2022,2022-12-31,People,people
2022,2022-12-31,People,people
2022,2022-08-09,Families,families
2022,2022-08-09,People,people
2022,2022-08-09,of Safety,"safety, safe"
2022,2022-08-09,Families,families
2022,2022-08-09,Persons,person
2022,2022-08-09,miktplk; Safe Location,safe
2022,2022-08-09,ghjpf;fg;gl;l Affected,affected
2022,2022-08-09,People,people
2022,2022-08-09,People,people
2022,2022-08-09,ආපදා කළමනාකරණ මධ්‍යස්ත්‍රථානය /mdHj;j Kfhikj;Jt epiyak;/ Disaster Management Centre,centre
2022,2022-01-01,Families,families
2022,2022-01-01,People,people
2022,2022-01-01,of Safety,"safety, safe"
2022,2022-01-01,Families,families
2022,2022-01-01,Persons,person
2022,2022-01-01,ghjpf;fg;gl;l Affected,affected
2022,2022-01-01,People,people
2022,2022-01-01,People,people
2022,2022-01-01,miktplk; Safe Location,safe
2022,2022-01-01,ආපදො කළමනොකරණ මධයසරථොනය /mdHj;j Kfhikj;Jt epiyak;/ Disaster Management Centre,centre
