year,date,title,pdf_url,http_ok,http_status,pdf_open_ok,text_extract_ok,page_count,text_length,affected_people_term,affected_families_term,safety_centre_term,death_term,injured_term,error
2018,2018-12-31,Situation Report,https://www.dmc.gov.lk/images/dmcreports/Situation_Report__on_2018__1546262861.pdf,True,200,True,True,2,5730,False,False,False,True,True,
2018,2018-11-23,Situation Report,https://www.dmc.gov.lk/images/dmcreports/Situation_Report__on_2018__1542943309.pdf,True,200,True,True,2,4474,False,False,False,True,True,
2018,2018-10-22,Situation Report,https://www.dmc.gov.lk/images/dmcreports/Situation_Report__on_2018__1540190079.pdf,True,200,True,True,2,5836,False,False,False,True,True,
2018,2018-09-16,Situation Report,https://www.dmc.gov.lk/images/dmcreports/Situation_Report__on_2018__1537080887.pdf,True,200,True,True,3,9182,False,False,False,True,True,
2018,2018-08-14,Situation Report,https://www.dmc.gov.lk/images/dmcreports/Situation_Report__on_2018__1534229867.pdf,True,200,True,True,3,6819,False,False,False,True,True,
2018,2018-07-13,Situation Report,https://www.dmc.gov.lk/images/dmcreports/Situation_Report___on_2018__1531487491.pdf,True,200,True,True,3,8118,False,False,False,True,True,
2018,2018-06-12,Situation Report,https://www.dmc.gov.lk/images/dmcreports/Situation_Report___on_2018__1528776642.pdf,True,200,True,True,3,8330,False,False,False,True,True,
2018,2018-02-02,Situation Report - [PDF],https://www.dmc.gov.lk/images/dmcreports/Situation_Report__on_2018__1520502346.pdf,True,200,True,True,2,4501,False,False,False,True,True,
2018,2018-01-18,Drought Situation Report Summary - [PDF],https://www.dmc.gov.lk/images/dmcreports/Drought_Situation_Report__on_2018__1520493334.pdf,True,200,True,True,9,5641,False,False,False,False,False,
2018,2018-01-02,Situation Report - [PDF],https://www.dmc.gov.lk/images/dmcreports/Situation_Report__on_2018__1520486356.pdf,True,200,True,True,2,6069,False,False,False,True,True,
2019,2019-12-31,Situation Report,https://www.dmc.gov.lk/images/dmcreports/Situation_Report_on_2019__1577805093.pdf,True,200,True,True,1,3861,False,False,False,True,True,
2019,2019-11-07,Situation Report,https://www.dmc.gov.lk/images/dmcreports/Situation_Report_on_2019__1573110206.pdf,True,200,True,True,2,5860,False,False,False,True,True,
2019,2019-10-04,Drought Situation Report,https://www.dmc.gov.lk/images/dmcreports/Drought_Situation_Report__on_2019__1570196159.pdf,True,200,True,True,3,9184,False,False,False,True,True,
2019,2019-09-07,Situation Report,https://www.dmc.gov.lk/images/dmcreports/Situation_Report__on_2019__1567859605.pdf,True,200,True,True,3,6296,False,False,False,True,True,
2019,2019-08-15,Drought Situation Report,https://www.dmc.gov.lk/images/dmcreports/Drought_Situation_Report__on_2019__1565841787.pdf,True,200,True,True,3,9506,False,False,False,True,True,
2019,2019-07-16,Situation Report,https://www.dmc.gov.lk/images/dmcreports/Situation_Report__on_2019__1563260023.pdf,True,200,True,True,4,9851,False,False,False,True,True,
2019,2019-05-30,Situation Report,https://www.dmc.gov.lk/images/dmcreports/Situation_Report__on_2019__1559199419.pdf,True,200,True,True,3,8717,False,False,False,True,True,
2019,2019-04-11,Situation Report,https://www.dmc.gov.lk/images/dmcreports/Situation_Report__on_2019__1554972505.pdf,True,200,True,True,4,9215,False,False,False,True,True,
2019,2019-02-21,Situation Report,https://www.dmc.gov.lk/images/dmcreports/Situation_Report__on_2019__1550720573.pdf,True,200,True,True,1,3423,False,False,False,True,True,
2019,2019-01-01,Situation Report,https://www.dmc.gov.lk/images/dmcreports/Situation_Report__on_2019__1546324706.pdf,True,200,True,True,2,5688,False,False,False,True,True,
2020,2020-12-31,Situation Report,https://www.dmc.gov.lk/images/dmcreports/Situation_Report_on_2020__1609422125.pdf,True,200,True,True,3,6476,False,False,False,True,True,
2020,2020-11-05,Situation Report,https://www.dmc.gov.lk/images/dmcreports/Situation_Report_on_2020__1604586459.pdf,True,200,True,True,2,5023,False,False,False,True,True,
2020,2020-09-13,Situation Report,https://www.dmc.gov.lk/images/dmcreports/Situation_Report_on_2020__1600004450.pdf,True,200,True,True,4,9057,False,False,True,True,True,
2020,2020-08-08,Situation Report,https://www.dmc.gov.lk/images/dmcreports/Situation_Report_on_2020__1596891805.pdf,True,200,True,True,3,6539,False,False,False,True,True,
2020,2020-07-08,Drought Situation Report,https://www.dmc.gov.lk/images/dmcreports/Drought_Situation_Report_on_2020__1594215431.pdf,True,200,True,True,2,4763,False,False,False,True,True,
2020,2020-05-10,Drought Situation Report,https://www.dmc.gov.lk/images/dmcreports/Drought_Situation_Report_on_2020__1589095373.pdf,True,200,True,True,3,7389,False,False,False,True,True,
2020,2020-03-16,Situation Report,https://www.dmc.gov.lk/images/dmcreports/Situation_Report_on_2020__1584335975.pdf,True,200,True,True,2,5054,False,False,False,True,True,
2020,2020-02-20,Situation Report,https://www.dmc.gov.lk/images/dmcreports/Situation_Report_on_2020__1582175402.pdf,True,200,True,True,2,4223,False,False,False,True,True,
2020,2020-01-27,Situation Report,https://www.dmc.gov.lk/images/dmcreports/Situation_Report_on_2020__1580099225.pdf,True,200,True,True,1,3087,False,False,False,True,True,
2020,2020-01-01,Situation Report,https://www.dmc.gov.lk/images/dmcreports/Situation_Report_on_2020__1577882809.pdf,True,200,True,True,1,3391,False,False,False,True,True,
2021,2021-12-31,Situation Report,https://www.dmc.gov.lk/images/dmcreports/Situation_Report_on_2021__1640933137.pdf,True,200,True,True,1,2960,False,False,False,True,True,
2021,2021-11-30,Situation Report,https://www.dmc.gov.lk/images/dmcreports/Situation_Report_on_2021__1638232649.pdf,True,200,True,True,3,7067,False,False,True,True,True,
2021,2021-10-20,Situation Report,https://www.dmc.gov.lk/images/dmcreports/Situation_Report_on_2021__1634697601.pdf,True,200,True,True,1,2189,False,False,False,True,True,
2021,2021-09-16,Situation Report,https://www.dmc.gov.lk/images/dmcreports/Situation_Report_on_2021__1631754441.pdf,True,200,True,True,1,2220,False,False,False,True,True,
2021,2021-08-13,Situation Report,https://www.dmc.gov.lk/images/dmcreports/Situation_Report_on_2021__1628858087.pdf,True,200,True,True,2,3845,False,False,False,True,True,
2021,2021-05-14,Situation Report,https://www.dmc.gov.lk/images/dmcreports/Situation_Report_on_2021__1620998870.pdf,True,200,True,True,2,4305,False,False,False,True,True,
2021,2021-04-16,Situation Report,https://www.dmc.gov.lk/images/dmcreports/Situation_Report_on_2021__1618586274.pdf,True,200,True,True,3,4972,False,False,False,True,True,
2021,2021-03-16,Situation Report,https://www.dmc.gov.lk/images/dmcreports/Situation_Report_on_2021__1615898419.pdf,True,200,True,True,1,3076,False,False,False,True,True,
2021,2021-02-05,Situation Report,https://www.dmc.gov.lk/images/dmcreports/Situation_Report_on_2021__1612529099.pdf,True,200,True,True,1,3434,False,False,False,True,True,
2021,2021-01-01,Situation Report,https://www.dmc.gov.lk/images/dmcreports/Situation_Report_on_2021__1610840859.pdf,True,200,True,True,3,6545,False,False,False,True,True,
2022,2022-12-31,Situation Report,https://www.dmc.gov.lk/images/dmcreports/Situation_Report_on_2022__1672447999.pdf,True,200,True,True,1,2091,False,False,False,True,True,
2022,2022-11-22,Situation Report,https://www.dmc.gov.lk/images/dmcreports/Situation_Report_on_2022__1669124873.pdf,True,200,True,True,1,2246,False,False,False,True,True,
2022,2022-10-24,Situation Report,https://www.dmc.gov.lk/images/dmcreports/Situation_Report_on_2022__1666615981.pdf,True,200,True,True,4,8193,False,False,False,True,True,
2022,2022-09-17,Situation Report,https://www.dmc.gov.lk/images/dmcreports/Situation_Report_on_2022__1663418222.pdf,True,200,True,True,1,2030,False,False,False,True,True,
2022,2022-08-09,Situation Report,https://www.dmc.gov.lk/images/dmcreports/Situation_Report_on_2022__1660007488.pdf,True,200,True,True,4,6642,False,False,False,True,True,
2022,2022-06-23,Situation Report,https://www.dmc.gov.lk/images/dmcreports/Situation_Report_on_2022__1655944334.pdf,True,200,True,True,1,1996,False,False,False,True,True,
2022,2022-05-22,Situation Report,https://www.dmc.gov.lk/images/dmcreports/Situation_Report_on_2022__1653223079.pdf,True,200,True,True,2,3294,False,False,False,True,True,
2022,2022-04-19,Situation Report,https://www.dmc.gov.lk/images/dmcreports/Situation_Report_on_2022__1650372248.pdf,True,200,True,True,2,3779,False,False,False,True,True,
2022,2022-03-14,Situation Report,https://www.dmc.gov.lk/images/dmcreports/Situation_Report_on_2022__1647217302.pdf,True,200,True,True,2,3619,False,False,False,True,True,
2022,2022-01-01,Situation Report,https://www.dmc.gov.lk/images/dmcreports/Situation_Report_on_2022__1640997294.pdf,True,200,True,True,2,3648,False,False,False,True,True,
