feature,mean_abs_shap
prev_people_in_safety_centres,0.4936379889826879
safety_population_change_from_prev,0.3558951073633253
report_dayofweek,0.2913826708556679
affected_people_log_change_from_prev,0.25875646095565114
affected_people_change_from_prev,0.2421652638176558
current_heavy_rain_flag,0.23458565619218666
dayofyear_cos,0.16972810657549617
landslide_districts_at_risk,0.1417606480028177
landslide_level1_districts,0.13771733856121893
affected_families_change_from_prev,0.13700589649808761
weather_reports_24h,0.11762174755197172
missingindicator_weather_max_rainfall_threshold_24h,0.10958112934330126
affected_families,0.10294473168373473
previous_report_gap_hours,0.09910511870415682
weather_max_warning_level_24h,0.0930285186003121
log_current_people_in_safety_centres,0.08640528537714467
landslide_level2_districts,0.08326083167745899
latest_landslide_age_hours,0.07723202765206676
log_current_affected_people,0.06782053221718622
log_current_safety_centres,0.06686217056362187
weather_max_rainfall_threshold_24h,0.0563024098890233
people_in_safety_centres,0.0533349155379797
weather_depression_24h,0.05165826299737663
latest_weather_age_hours,0.044641398903779314
affected_people,0.042771297765615855
weather_heavy_rain_24h,0.04079375610648338
prev_safety_centres,0.039791910541367624
log_current_affected_families,0.0362579753278468
landslide_level3_districts,0.034782543969282556
report_hour,0.031089574637238132
safety_centres,0.02599014912728268
safety_population_log_change_from_prev,0.024382242062020058
current_flood_flag,0.02368531648043121
prev_affected_people,0.02296411117357082
dayofyear_sin,0.01968741422019218
prev_affected_families,0.017604121402451118
month_cos,0.01111755977285313
weather_cyclone_24h,0.003516694731940272
weather_max_wind_24h,0.001218588162047967
weather_low_pressure_24h,0.0
weather_strong_wind_24h,0.0
weather_thunderstorm_24h,0.0
month_sin,0.0
current_landslide_flag,0.0
landslide_max_warning_level,0.0
landslide_active_warning,0.0
previous_context_valid,0.0
missingindicator_weather_max_wind_24h,0.0
missingindicator_previous_report_gap_hours,0.0
missingindicator_prev_affected_people,0.0
missingindicator_prev_affected_families,0.0
missingindicator_prev_safety_centres,0.0
missingindicator_prev_people_in_safety_centres,0.0
missingindicator_affected_people_change_from_prev,0.0
missingindicator_affected_families_change_from_prev,0.0
missingindicator_safety_population_change_from_prev,0.0
missingindicator_affected_people_log_change_from_prev,0.0
missingindicator_safety_population_log_change_from_prev,0.0
