district,file_name,gn_polygons
AMPARA,AMPARA.geojson,504
ANURADHAPURA,ANURADHAPURA.geojson,694
BADULLA,BADULLA.geojson,567
BATTICALOA,BATTICALOA.geojson,373
COLOMBO,COLOMBO.geojson,557
GALLE,GALLE.geojson,895
GAMPAHA,GAMPAHA.geojson,1179
HAMBANTOTA,HAMBANTOTA.geojson,576
JAFFNA,JAFFNA.geojson,436
KALUTARA,KALUTARA.geojson,762
KANDY,KANDY.geojson,1187
KEGALLE,KEGALLE.geojson,573
KILINOCHCHI,KILINOCHCHI.geojson,95
KURUNEGALA,KURUNEGALA.geojson,1610
MANNAR,MANNAR.geojson,153
MATALE,MATALE.geojson,545
MATARA,MATARA.geojson,650
MONARAGALA,MONARAGALA.geojson,319
MULLAITIVU,MULLAITIVU.geojson,135
NUWARA ELIYA,NUWARA_ELIYA.geojson,491
POLONNARUWA,POLONNARUWA.geojson,295
PUTTALAM,PUTTALAM.geojson,549
RATNAPURA,RATNAPURA.geojson,575
TRINCOMALEE,TRINCOMALEE.geojson,230
VAVUNIYA,VAVUNIYA.geojson,102
